Item,Qty,Reference(s),Value,LibPart,Footprint,Datasheet,Arrow Part Number,Arrow Price/Stock,Description,Height,Manufacturer_Name,Manufacturer_Part_Number,Mouser Part Number,Mouser Price/Stock
,,C1,10uF,Device:C_Small,Capacitor_SMD:C_0805_2012Metric_Pad1.18x1.45mm_HandSolder,~,,,,,,,,
,,C2,47uF,Device:C_Small,Capacitor_SMD:C_0805_2012Metric_Pad1.18x1.45mm_HandSolder,~,,,,,,,,
,,C3,0.1uF,Device:C_Small,Capacitor_SMD:C_0603_1608Metric_Pad1.08x0.95mm_HandSolder,~,,,,,,,,
,,C4,18pf,Device:C_Small,Capacitor_SMD:C_0603_1608Metric_Pad1.08x0.95mm_HandSolder,~,,,,,,,,
,,C5,18pf,Device:C_Small,Capacitor_SMD:C_0603_1608Metric_Pad1.08x0.95mm_HandSolder,~,,,,,,,,
,,C6,0.1uF,Device:C_Small,Capacitor_SMD:C_0603_1608Metric_Pad1.08x0.95mm_HandSolder,~,,,,,,,,
,,C7,0.1uF,Device:C_Small,Capacitor_SMD:C_0603_1608Metric_Pad1.08x0.95mm_HandSolder,~,,,,,,,,
,,C8,0.1uF,Device:C_Small,Capacitor_SMD:C_0603_1608Metric_Pad1.08x0.95mm_HandSolder,~,,,,,,,,
,,C9,0.1uF,Device:C_Small,Capacitor_SMD:C_0603_1608Metric_Pad1.08x0.95mm_HandSolder,~,,,,,,,,
,,C10,0.1uF,Device:C_Small,Capacitor_SMD:C_0603_1608Metric_Pad1.08x0.95mm_HandSolder,~,,,,,,,,
,,C11,100pF,Device:C_Small,Capacitor_SMD:C_0603_1608Metric_Pad1.08x0.95mm_HandSolder,~,,,,,,,,
,,C12,0.1uf,Device:C_Small,Capacitor_SMD:C_0603_1608Metric_Pad1.08x0.95mm_HandSolder,~,,,,,,,,
,,C13,0.1uf,Device:C_Small,Capacitor_SMD:C_0603_1608Metric_Pad1.08x0.95mm_HandSolder,~,,,,,,,,
,,C14,0.1uf,Device:C_Small,Capacitor_SMD:C_0603_1608Metric_Pad1.08x0.95mm_HandSolder,~,,,,,,,,
,,C15,0.1uf,Device:C_Small,Capacitor_SMD:C_0603_1608Metric_Pad1.08x0.95mm_HandSolder,~,,,,,,,,
,,C16,1uf,Device:C_Small,Capacitor_SMD:C_0603_1608Metric_Pad1.08x0.95mm_HandSolder,~,,,,,,,,
,,C17,1uf,Device:C_Small,Capacitor_SMD:C_0603_1608Metric_Pad1.08x0.95mm_HandSolder,~,,,,,,,,
,,C18,0.1uf,Device:C_Small,Capacitor_SMD:C_0603_1608Metric_Pad1.08x0.95mm_HandSolder,~,,,,,,,,
,,C19,10uf,Device:C_Small,Capacitor_SMD:C_0805_2012Metric_Pad1.18x1.45mm_HandSolder,~,,,,,,,,
,,C20,100pF,Device:C_Small,Capacitor_SMD:C_0603_1608Metric_Pad1.08x0.95mm_HandSolder,~,,,,,,,,
,,C21,1uf,Device:C_Small,Capacitor_SMD:C_0603_1608Metric_Pad1.08x0.95mm_HandSolder,~,,,,,,,,
,,C22,1uf,Device:C_Small,Capacitor_SMD:C_0603_1608Metric_Pad1.08x0.95mm_HandSolder,~,,,,,,,,
,,C23,100uF,Device:C_Polarized_Small_US,Capacitor_SMD:C_Elec_6.3x5.4,~,,,,,,,,
,,C24,100uF,Device:C_Polarized_Small_US,Capacitor_SMD:C_Elec_6.3x5.4,~,,,,,,,,
,,C25,100uF,Device:C_Polarized_Small_US,Capacitor_SMD:C_Elec_6.3x5.4,~,,,,,,,,
,,C26,100uF,Device:C_Polarized_Small_US,Capacitor_SMD:C_Elec_6.3x5.4,~,,,,,,,,
,,C27,100uF,Device:C_Polarized_Small_US,Capacitor_SMD:C_Elec_6.3x5.4,~,,,,,,,,
,,C28,100uF,Device:C_Polarized_Small_US,Capacitor_SMD:C_Elec_6.3x5.4,~,,,,,,,,
,,C29,100uF,Device:C_Polarized_Small_US,Capacitor_SMD:C_Elec_6.3x5.4,~,,,,,,,,
,,C30,100pF,Device:C_Small,Capacitor_SMD:C_0603_1608Metric_Pad1.08x0.95mm_HandSolder,~,,,,,,,,
,,C31,100pF,Device:C_Small,Capacitor_SMD:C_0603_1608Metric_Pad1.08x0.95mm_HandSolder,~,,,,,,,,
,,C32,0.1uf,Device:C_Small,Capacitor_SMD:C_0603_1608Metric_Pad1.08x0.95mm_HandSolder,~,,,,,,,,
,,C33,0.1uf,Device:C_Small,Capacitor_SMD:C_0603_1608Metric_Pad1.08x0.95mm_HandSolder,~,,,,,,,,
,,C34,0.1uf,Device:C_Small,Capacitor_SMD:C_0603_1608Metric_Pad1.08x0.95mm_HandSolder,~,,,,,,,,
,,C35,0.1uf,Device:C_Small,Capacitor_SMD:C_0603_1608Metric_Pad1.08x0.95mm_HandSolder,~,,,,,,,,
,,C36,1uf,Device:C_Small,Capacitor_SMD:C_0603_1608Metric_Pad1.08x0.95mm_HandSolder,~,,,,,,,,
,,C37,1uf,Device:C_Small,Capacitor_SMD:C_0603_1608Metric_Pad1.08x0.95mm_HandSolder,~,,,,,,,,
,,C38,0.1uf,Device:C_Small,Capacitor_SMD:C_0603_1608Metric_Pad1.08x0.95mm_HandSolder,~,,,,,,,,
,,C39,10uf,Device:C_Small,Capacitor_SMD:C_0805_2012Metric_Pad1.18x1.45mm_HandSolder,~,,,,,,,,
,,C40,100pF,Device:C_Small,Capacitor_SMD:C_0603_1608Metric_Pad1.08x0.95mm_HandSolder,~,,,,,,,,
,,C41,10uf,Device:C_Small,Capacitor_SMD:C_0805_2012Metric_Pad1.18x1.45mm_HandSolder,~,,,,,,,,
,,C42,0.1uf,Device:C_Small,Capacitor_SMD:C_0603_1608Metric_Pad1.08x0.95mm_HandSolder,~,,,,,,,,
,,C43,0.1uf,Device:C_Small,Capacitor_SMD:C_0603_1608Metric_Pad1.08x0.95mm_HandSolder,~,,,,,,,,
,,C44,0.1uf,Device:C_Small,Capacitor_SMD:C_0603_1608Metric_Pad1.08x0.95mm_HandSolder,~,,,,,,,,
,,C45,0.1uf,Device:C_Small,Capacitor_SMD:C_0603_1608Metric_Pad1.08x0.95mm_HandSolder,~,,,,,,,,
,,C46,1uf,Device:C_Small,Capacitor_SMD:C_0603_1608Metric_Pad1.08x0.95mm_HandSolder,~,,,,,,,,
,,C47,1uf,Device:C_Small,Capacitor_SMD:C_0603_1608Metric_Pad1.08x0.95mm_HandSolder,~,,,,,,,,
,,C48,0.1uf,Device:C_Small,Capacitor_SMD:C_0603_1608Metric_Pad1.08x0.95mm_HandSolder,~,,,,,,,,
,,C49,10uf,Device:C_Small,Capacitor_SMD:C_0805_2012Metric_Pad1.18x1.45mm_HandSolder,~,,,,,,,,
,,C50,0.1uf,Device:C_Small,Capacitor_SMD:C_0603_1608Metric_Pad1.08x0.95mm_HandSolder,~,,,,,,,,
,,C51,1uf,Device:C_Small,Capacitor_SMD:C_0603_1608Metric_Pad1.08x0.95mm_HandSolder,~,,,,,,,,
,,C52,0.1uf,Device:C_Small,Capacitor_SMD:C_0603_1608Metric_Pad1.08x0.95mm_HandSolder,~,,,,,,,,
,,C53,0.1uf,Device:C_Small,Capacitor_SMD:C_0603_1608Metric_Pad1.08x0.95mm_HandSolder,~,,,,,,,,
,,C54,0.1uf,Device:C_Small,Capacitor_SMD:C_0603_1608Metric_Pad1.08x0.95mm_HandSolder,~,,,,,,,,
,,C55,0.1uf,Device:C_Small,Capacitor_SMD:C_0603_1608Metric_Pad1.08x0.95mm_HandSolder,~,,,,,,,,
,,C56,1uf,Device:C_Small,Capacitor_SMD:C_0603_1608Metric_Pad1.08x0.95mm_HandSolder,~,,,,,,,,
,,C57,1uf,Device:C_Small,Capacitor_SMD:C_0603_1608Metric_Pad1.08x0.95mm_HandSolder,~,,,,,,,,
,,C58,0.1uf,Device:C_Small,Capacitor_SMD:C_0603_1608Metric_Pad1.08x0.95mm_HandSolder,~,,,,,,,,
,,C59,10uf,Device:C_Small,Capacitor_SMD:C_0805_2012Metric_Pad1.18x1.45mm_HandSolder,~,,,,,,,,
,,C60,10uF,Device:C_Small,Capacitor_SMD:C_0805_2012Metric_Pad1.18x1.45mm_HandSolder,~,,,,,,,,
,,C61,10uF,Device:C_Small,Capacitor_SMD:C_0805_2012Metric_Pad1.18x1.45mm_HandSolder,~,,,,,,,,
,,C62,0.1uf,Device:C_Small,Capacitor_SMD:C_0603_1608Metric_Pad1.08x0.95mm_HandSolder,~,,,,,,,,
,,C63,0.1uf,Device:C_Small,Capacitor_SMD:C_0603_1608Metric_Pad1.08x0.95mm_HandSolder,~,,,,,,,,
,,C64,0.1uf,Device:C_Small,Capacitor_SMD:C_0603_1608Metric_Pad1.08x0.95mm_HandSolder,~,,,,,,,,
,,C65,0.1uf,Device:C_Small,Capacitor_SMD:C_0603_1608Metric_Pad1.08x0.95mm_HandSolder,~,,,,,,,,
,,C66,1uf,Device:C_Small,Capacitor_SMD:C_0603_1608Metric_Pad1.08x0.95mm_HandSolder,~,,,,,,,,
,,C67,1uf,Device:C_Small,Capacitor_SMD:C_0603_1608Metric_Pad1.08x0.95mm_HandSolder,~,,,,,,,,
,,C68,0.1uf,Device:C_Small,Capacitor_SMD:C_0603_1608Metric_Pad1.08x0.95mm_HandSolder,~,,,,,,,,
,,C69,10uf,Device:C_Small,Capacitor_SMD:C_0805_2012Metric_Pad1.18x1.45mm_HandSolder,~,,,,,,,,
,,C70,47uF,Device:C_Small,Capacitor_SMD:C_0805_2012Metric_Pad1.18x1.45mm_HandSolder,~,,,,,,,,
,,C71,0.1uF,Device:C_Small,Capacitor_SMD:C_0603_1608Metric_Pad1.08x0.95mm_HandSolder,~,,,,,,,,
,,C72,0.1uf,Device:C_Small,Capacitor_SMD:C_0603_1608Metric_Pad1.08x0.95mm_HandSolder,~,,,,,,,,
,,C73,0.1uf,Device:C_Small,Capacitor_SMD:C_0603_1608Metric_Pad1.08x0.95mm_HandSolder,~,,,,,,,,
,,C74,0.1uf,Device:C_Small,Capacitor_SMD:C_0603_1608Metric_Pad1.08x0.95mm_HandSolder,~,,,,,,,,
,,C75,0.1uf,Device:C_Small,Capacitor_SMD:C_0603_1608Metric_Pad1.08x0.95mm_HandSolder,~,,,,,,,,
,,C76,1uf,Device:C_Small,Capacitor_SMD:C_0603_1608Metric_Pad1.08x0.95mm_HandSolder,~,,,,,,,,
,,C77,1uf,Device:C_Small,Capacitor_SMD:C_0603_1608Metric_Pad1.08x0.95mm_HandSolder,~,,,,,,,,
,,C78,0.1uf,Device:C_Small,Capacitor_SMD:C_0603_1608Metric_Pad1.08x0.95mm_HandSolder,~,,,,,,,,
,,C79,10uf,Device:C_Small,Capacitor_SMD:C_0805_2012Metric_Pad1.18x1.45mm_HandSolder,~,,,,,,,,
,,C80,0.1uF,Device:C_Small,Capacitor_SMD:C_0603_1608Metric_Pad1.08x0.95mm_HandSolder,~,,,,,,,,
,,C81,18pf,Device:C_Small,Capacitor_SMD:C_0603_1608Metric_Pad1.08x0.95mm_HandSolder,~,,,,,,,,
,,C82,0.1uf,Device:C_Small,Capacitor_SMD:C_0603_1608Metric_Pad1.08x0.95mm_HandSolder,~,,,,,,,,
,,C83,0.1uf,Device:C_Small,Capacitor_SMD:C_0603_1608Metric_Pad1.08x0.95mm_HandSolder,~,,,,,,,,
,,C84,0.1uf,Device:C_Small,Capacitor_SMD:C_0603_1608Metric_Pad1.08x0.95mm_HandSolder,~,,,,,,,,
,,C85,0.1uf,Device:C_Small,Capacitor_SMD:C_0603_1608Metric_Pad1.08x0.95mm_HandSolder,~,,,,,,,,
,,C86,1uf,Device:C_Small,Capacitor_SMD:C_0603_1608Metric_Pad1.08x0.95mm_HandSolder,~,,,,,,,,
,,C87,1uf,Device:C_Small,Capacitor_SMD:C_0603_1608Metric_Pad1.08x0.95mm_HandSolder,~,,,,,,,,
,,C88,0.1uf,Device:C_Small,Capacitor_SMD:C_0603_1608Metric_Pad1.08x0.95mm_HandSolder,~,,,,,,,,
,,C89,10uf,Device:C_Small,Capacitor_SMD:C_0805_2012Metric_Pad1.18x1.45mm_HandSolder,~,,,,,,,,
,,C90,18pf,Device:C_Small,Capacitor_SMD:C_0603_1608Metric_Pad1.08x0.95mm_HandSolder,~,,,,,,,,
,,C91,0.1uF,Device:C_Small,Capacitor_SMD:C_0603_1608Metric_Pad1.08x0.95mm_HandSolder,~,,,,,,,,
,,C92,0.1uf,Device:C_Small,Capacitor_SMD:C_0603_1608Metric_Pad1.08x0.95mm_HandSolder,~,,,,,,,,
,,C93,0.1uf,Device:C_Small,Capacitor_SMD:C_0603_1608Metric_Pad1.08x0.95mm_HandSolder,~,,,,,,,,
,,C94,0.1uf,Device:C_Small,Capacitor_SMD:C_0603_1608Metric_Pad1.08x0.95mm_HandSolder,~,,,,,,,,
,,C95,0.1uf,Device:C_Small,Capacitor_SMD:C_0603_1608Metric_Pad1.08x0.95mm_HandSolder,~,,,,,,,,
,,C96,1uf,Device:C_Small,Capacitor_SMD:C_0603_1608Metric_Pad1.08x0.95mm_HandSolder,~,,,,,,,,
,,C97,1uf,Device:C_Small,Capacitor_SMD:C_0603_1608Metric_Pad1.08x0.95mm_HandSolder,~,,,,,,,,
,,C98,0.1uf,Device:C_Small,Capacitor_SMD:C_0603_1608Metric_Pad1.08x0.95mm_HandSolder,~,,,,,,,,
,,C99,10uf,Device:C_Small,Capacitor_SMD:C_0805_2012Metric_Pad1.18x1.45mm_HandSolder,~,,,,,,,,
,,C100,0.1uF,Device:C_Small,Capacitor_SMD:C_0603_1608Metric_Pad1.08x0.95mm_HandSolder,~,,,,,,,,
,,C101,10uF,Device:C_Small,Capacitor_SMD:C_0805_2012Metric_Pad1.18x1.45mm_HandSolder,~,,,,,,,,
,,C102,0.1uF,Device:C_Small,Capacitor_SMD:C_0603_1608Metric_Pad1.08x0.95mm_HandSolder,~,,,,,,,,
,,C103,0.1uF,Device:C_Small,Capacitor_SMD:C_0603_1608Metric_Pad1.08x0.95mm_HandSolder,~,,,,,,,,
,,C104,0.1uF,Device:C_Small,Capacitor_SMD:C_0603_1608Metric_Pad1.08x0.95mm_HandSolder,~,,,,,,,,
,,C105,0.1uF,Device:C_Small,Capacitor_SMD:C_0603_1608Metric_Pad1.08x0.95mm_HandSolder,~,,,,,,,,
,,C106,100pF,Device:C_Small,Capacitor_SMD:C_0603_1608Metric_Pad1.08x0.95mm_HandSolder,~,,,,,,,,
,,C107,100pF,Device:C_Small,Capacitor_SMD:C_0603_1608Metric_Pad1.08x0.95mm_HandSolder,~,,,,,,,,
,,C108,100pF,Device:C_Small,Capacitor_SMD:C_0603_1608Metric_Pad1.08x0.95mm_HandSolder,~,,,,,,,,
,,C109,100pF,Device:C_Small,Capacitor_SMD:C_0603_1608Metric_Pad1.08x0.95mm_HandSolder,~,,,,,,,,
,,C110,0.01uf,Device:C_Small,Capacitor_SMD:C_0603_1608Metric_Pad1.08x0.95mm_HandSolder,~,,,,,,,,
,,C111,0.01uf,Device:C_Small,Capacitor_SMD:C_0603_1608Metric_Pad1.08x0.95mm_HandSolder,~,,,,,,,,
,,C112,0.01uf,Device:C_Small,Capacitor_SMD:C_0603_1608Metric_Pad1.08x0.95mm_HandSolder,~,,,,,,,,
,,C113,0.01uf,Device:C_Small,Capacitor_SMD:C_0603_1608Metric_Pad1.08x0.95mm_HandSolder,~,,,,,,,,
,,C114,0.01uf,Device:C_Small,Capacitor_SMD:C_0603_1608Metric_Pad1.08x0.95mm_HandSolder,~,,,,,,,,
,,C115,0.01uf,Device:C_Small,Capacitor_SMD:C_0603_1608Metric_Pad1.08x0.95mm_HandSolder,~,,,,,,,,
,,C116,100pF,Device:C_Small,Capacitor_SMD:C_0603_1608Metric_Pad1.08x0.95mm_HandSolder,~,,,,,,,,
,,C117,10uf,Device:C_Small,Capacitor_SMD:C_0805_2012Metric_Pad1.18x1.45mm_HandSolder,~,,,,,,,,
,,C118,0.1uf,Device:C_Small,Capacitor_SMD:C_0603_1608Metric_Pad1.08x0.95mm_HandSolder,~,,,,,,,,
,,C119,1uf,Device:C_Small,Capacitor_SMD:C_0603_1608Metric_Pad1.08x0.95mm_HandSolder,~,,,,,,,,
,,C120,1uf,Device:C_Small,Capacitor_SMD:C_0603_1608Metric_Pad1.08x0.95mm_HandSolder,~,,,,,,,,
,,C121,1uf,Device:C_Small,Capacitor_SMD:C_0603_1608Metric_Pad1.08x0.95mm_HandSolder,~,,,,,,,,
,,C122,100uF,Device:C_Polarized_Small_US,Capacitor_SMD:C_Elec_6.3x5.4,~,,,,,,,,
,,C123,10uf,Device:C_Small,Capacitor_SMD:C_0805_2012Metric_Pad1.18x1.45mm_HandSolder,~,,,,,,,,
,,C124,10uf,Device:C_Small,Capacitor_SMD:C_0805_2012Metric_Pad1.18x1.45mm_HandSolder,~,,,,,,,,
,,C125,10uf,Device:C_Small,Capacitor_SMD:C_0805_2012Metric_Pad1.18x1.45mm_HandSolder,~,,,,,,,,
,,C126,10uf,Device:C_Small,Capacitor_SMD:C_0805_2012Metric_Pad1.18x1.45mm_HandSolder,~,,,,,,,,
,,C127,1uf,Device:C_Small,Capacitor_SMD:C_0603_1608Metric_Pad1.08x0.95mm_HandSolder,~,,,,,,,,
,,C128,1uf,Device:C_Small,Capacitor_SMD:C_0603_1608Metric_Pad1.08x0.95mm_HandSolder,~,,,,,,,,
,,C310,0.01uf,Device:C_Small,Capacitor_SMD:C_0603_1608Metric_Pad1.08x0.95mm_HandSolder,~,,,,,,,,
,,C311,0.01uf,Device:C_Small,Capacitor_SMD:C_0603_1608Metric_Pad1.08x0.95mm_HandSolder,~,,,,,,,,
,,C312,0.01uf,Device:C_Small,Capacitor_SMD:C_0603_1608Metric_Pad1.08x0.95mm_HandSolder,~,,,,,,,,
,,C313,0.01uf,Device:C_Small,Capacitor_SMD:C_0603_1608Metric_Pad1.08x0.95mm_HandSolder,~,,,,,,,,
,,C314,0.01uf,Device:C_Small,Capacitor_SMD:C_0603_1608Metric_Pad1.08x0.95mm_HandSolder,~,,,,,,,,
,,C315,0.01uf,Device:C_Small,Capacitor_SMD:C_0603_1608Metric_Pad1.08x0.95mm_HandSolder,~,,,,,,,,
,,C410,0.01uf,Device:C_Small,Capacitor_SMD:C_0603_1608Metric_Pad1.08x0.95mm_HandSolder,~,,,,,,,,
,,C411,0.01uf,Device:C_Small,Capacitor_SMD:C_0603_1608Metric_Pad1.08x0.95mm_HandSolder,~,,,,,,,,
,,C412,0.01uf,Device:C_Small,Capacitor_SMD:C_0603_1608Metric_Pad1.08x0.95mm_HandSolder,~,,,,,,,,
,,C413,0.01uf,Device:C_Small,Capacitor_SMD:C_0603_1608Metric_Pad1.08x0.95mm_HandSolder,~,,,,,,,,
,,C414,0.01uf,Device:C_Small,Capacitor_SMD:C_0603_1608Metric_Pad1.08x0.95mm_HandSolder,~,,,,,,,,
,,C415,0.01uf,Device:C_Small,Capacitor_SMD:C_0603_1608Metric_Pad1.08x0.95mm_HandSolder,~,,,,,,,,
,,C510,0.01uf,Device:C_Small,Capacitor_SMD:C_0603_1608Metric_Pad1.08x0.95mm_HandSolder,~,,,,,,,,
,,C511,0.01uf,Device:C_Small,Capacitor_SMD:C_0603_1608Metric_Pad1.08x0.95mm_HandSolder,~,,,,,,,,
,,C512,0.01uf,Device:C_Small,Capacitor_SMD:C_0603_1608Metric_Pad1.08x0.95mm_HandSolder,~,,,,,,,,
,,C513,0.01uf,Device:C_Small,Capacitor_SMD:C_0603_1608Metric_Pad1.08x0.95mm_HandSolder,~,,,,,,,,
,,C514,0.01uf,Device:C_Small,Capacitor_SMD:C_0603_1608Metric_Pad1.08x0.95mm_HandSolder,~,,,,,,,,
,,C515,0.01uf,Device:C_Small,Capacitor_SMD:C_0603_1608Metric_Pad1.08x0.95mm_HandSolder,~,,,,,,,,
,,C610,0.01uf,Device:C_Small,Capacitor_SMD:C_0603_1608Metric_Pad1.08x0.95mm_HandSolder,~,,,,,,,,
,,C611,0.01uf,Device:C_Small,Capacitor_SMD:C_0603_1608Metric_Pad1.08x0.95mm_HandSolder,~,,,,,,,,
,,C612,0.01uf,Device:C_Small,Capacitor_SMD:C_0603_1608Metric_Pad1.08x0.95mm_HandSolder,~,,,,,,,,
,,C613,0.01uf,Device:C_Small,Capacitor_SMD:C_0603_1608Metric_Pad1.08x0.95mm_HandSolder,~,,,,,,,,
,,C614,0.01uf,Device:C_Small,Capacitor_SMD:C_0603_1608Metric_Pad1.08x0.95mm_HandSolder,~,,,,,,,,
,,C615,0.01uf,Device:C_Small,Capacitor_SMD:C_0603_1608Metric_Pad1.08x0.95mm_HandSolder,~,,,,,,,,
,,C710,0.01uf,Device:C_Small,Capacitor_SMD:C_0603_1608Metric_Pad1.08x0.95mm_HandSolder,~,,,,,,,,
,,C711,0.01uf,Device:C_Small,Capacitor_SMD:C_0603_1608Metric_Pad1.08x0.95mm_HandSolder,~,,,,,,,,
,,C712,0.01uf,Device:C_Small,Capacitor_SMD:C_0603_1608Metric_Pad1.08x0.95mm_HandSolder,~,,,,,,,,
,,C713,0.01uf,Device:C_Small,Capacitor_SMD:C_0603_1608Metric_Pad1.08x0.95mm_HandSolder,~,,,,,,,,
,,C714,0.01uf,Device:C_Small,Capacitor_SMD:C_0603_1608Metric_Pad1.08x0.95mm_HandSolder,~,,,,,,,,
,,C715,0.01uf,Device:C_Small,Capacitor_SMD:C_0603_1608Metric_Pad1.08x0.95mm_HandSolder,~,,,,,,,,
,,C810,0.01uf,Device:C_Small,Capacitor_SMD:C_0603_1608Metric_Pad1.08x0.95mm_HandSolder,~,,,,,,,,
,,C811,0.01uf,Device:C_Small,Capacitor_SMD:C_0603_1608Metric_Pad1.08x0.95mm_HandSolder,~,,,,,,,,
,,C812,0.01uf,Device:C_Small,Capacitor_SMD:C_0603_1608Metric_Pad1.08x0.95mm_HandSolder,~,,,,,,,,
,,C813,0.01uf,Device:C_Small,Capacitor_SMD:C_0603_1608Metric_Pad1.08x0.95mm_HandSolder,~,,,,,,,,
,,C814,0.01uf,Device:C_Small,Capacitor_SMD:C_0603_1608Metric_Pad1.08x0.95mm_HandSolder,~,,,,,,,,
,,C815,0.01uf,Device:C_Small,Capacitor_SMD:C_0603_1608Metric_Pad1.08x0.95mm_HandSolder,~,,,,,,,,
,,C910,0.01uf,Device:C_Small,Capacitor_SMD:C_0603_1608Metric_Pad1.08x0.95mm_HandSolder,~,,,,,,,,
,,C911,0.01uf,Device:C_Small,Capacitor_SMD:C_0603_1608Metric_Pad1.08x0.95mm_HandSolder,~,,,,,,,,
,,C912,0.01uf,Device:C_Small,Capacitor_SMD:C_0603_1608Metric_Pad1.08x0.95mm_HandSolder,~,,,,,,,,
,,C913,0.01uf,Device:C_Small,Capacitor_SMD:C_0603_1608Metric_Pad1.08x0.95mm_HandSolder,~,,,,,,,,
,,C914,0.01uf,Device:C_Small,Capacitor_SMD:C_0603_1608Metric_Pad1.08x0.95mm_HandSolder,~,,,,,,,,
,,C915,0.01uf,Device:C_Small,Capacitor_SMD:C_0603_1608Metric_Pad1.08x0.95mm_HandSolder,~,,,,,,,,
,,D1,LED,Device:LED,LED_SMD:LED_0603_1608Metric_Pad1.05x0.95mm_HandSolder,~,,,,,,,,
,,D2,LED,Device:LED,LED_SMD:LED_0603_1608Metric_Pad1.05x0.95mm_HandSolder,~,,,,,,,,
,,D3,LED,Device:LED,LED_SMD:LED_0603_1608Metric_Pad1.05x0.95mm_HandSolder,~,,,,,,,,
,,D4,LED,Device:LED,LED_SMD:LED_0603_1608Metric_Pad1.05x0.95mm_HandSolder,~,,,,,,,,
,,D5,LED,Device:LED,LED_SMD:LED_0603_1608Metric_Pad1.05x0.95mm_HandSolder,~,,,,,,,,
,,D6,LED,Device:LED,LED_SMD:LED_0603_1608Metric_Pad1.05x0.95mm_HandSolder,~,,,,,,,,
,,D7,LED,Device:LED,LED_SMD:LED_0603_1608Metric_Pad1.05x0.95mm_HandSolder,~,,,,,,,,
,,D8,LED,Device:LED,LED_SMD:LED_0603_1608Metric_Pad1.05x0.95mm_HandSolder,~,,,,,,,,
,,D9,LED,Device:LED,LED_SMD:LED_0603_1608Metric_Pad1.05x0.95mm_HandSolder,~,,,,,,,,
,,D10,LED,Device:LED,LED_SMD:LED_0603_1608Metric_Pad1.05x0.95mm_HandSolder,~,,,,,,,,
,,D11,LED,Device:LED,LED_SMD:LED_0603_1608Metric_Pad1.05x0.95mm_HandSolder,~,,,,,,,,
,,D12,LED,Device:LED,LED_SMD:LED_0603_1608Metric_Pad1.05x0.95mm_HandSolder,~,,,,,,,,
,,D13,LED,Device:LED,LED_SMD:LED_0603_1608Metric_Pad1.05x0.95mm_HandSolder,~,,,,,,,,
,,D14,LED,Device:LED,LED_SMD:LED_0603_1608Metric_Pad1.05x0.95mm_HandSolder,~,,,,,,,,
,,D15,LED,Device:LED,LED_SMD:LED_0603_1608Metric_Pad1.05x0.95mm_HandSolder,~,,,,,,,,
,,D16,LED,Device:LED,LED_SMD:LED_0603_1608Metric_Pad1.05x0.95mm_HandSolder,~,,,,,,,,
,,IC1,ADA4254ARUZ-R7,ada4254:ADA4254ARUZ-R7,Audio_Module:SOP65P640X120-24N,https://componentsearchengine.com/Datasheets/1/ADA4254ARUZ-R7.pdf,,,Instrumentation Amplifiers PGiA enabling universal modules w/SIL,1.2,Analog Devices,ADA4254ARUZ-R7,584-ADA4254ARUZ-R7,https://www.mouser.co.uk/ProductDetail/Analog-Devices/ADA4254ARUZ-R7?qs=B6kkDfuK7%2FD2EHLOR7u2BA%3D%3D
,,IC2,ADP150AUJZ-3.3-R7,ADP150aUJZ:ADP150AUJZ-3.3-R7,Audio_Module:SOT95P280X100-5N,https://www.digikey.com/product-detail/en/analog-devices-inc/ADP150AUJZ-3.3-R7/ADP150AUJZ-3.3-R7CT-ND/2207505,ADP150AUJZ-3.3-R7,https://www.arrow.com/en/products/adp150aujz-3.3-r7/analog-devices?region=nac,"Ultralow Noise, 150 mA CMOS Linear Regulator",1,Analog Devices,ADP150AUJZ-3.3-R7,N/A,https://www.mouser.com/Search/Refine.aspx?Keyword=N%2FA
,,IC3,ADP150AUJZ-3.3-R7,ADP150aUJZ:ADP150AUJZ-3.3-R7,Audio_Module:SOT95P280X100-5N,https://www.digikey.com/product-detail/en/analog-devices-inc/ADP150AUJZ-3.3-R7/ADP150AUJZ-3.3-R7CT-ND/2207505,ADP150AUJZ-3.3-R7,https://www.arrow.com/en/products/adp150aujz-3.3-r7/analog-devices?region=nac,"Ultralow Noise, 150 mA CMOS Linear Regulator",1,Analog Devices,ADP150AUJZ-3.3-R7,N/A,https://www.mouser.com/Search/Refine.aspx?Keyword=N%2FA
,,IC4,ADS1256IDBT,ADS1256:ADS1256IDBT,Audio_Module:SOP65P780X200-28N,http://componentsearchengine.com/Datasheets/3/ADS1256IDBT.pdf,ADS1256IDBT,https://www.arrow.com/en/products/ads1256idbt/texas-instruments?region=nac,"24-bit, 30kSPS, 8-Ch Delta-Sigma ADC with PGA for Factory Automation and Process Control",2,Texas Instruments,ADS1256IDBT,595-ADS1256IDBT,https://www.mouser.co.uk/ProductDetail/Texas-Instruments/ADS1256IDBT?qs=RaXRGs7zCv7ohBVNWdKfTA%3D%3D
,,IC5,LF80ABDT-TR,LF80ABDT:LF80ABDT-TR,Audio_Module:TO228P972X240-3N,http://www.st.com/st-web-ui/static/active/en/resource/technical/document/datasheet/CD00000546.pdf,LF80ABDT-TR,https://www.arrow.com/en/products/lf80abdt-tr/stmicroelectronics?region=nac,"LF80ABDT-TR, Low Dropout Voltage Regulator, 0.5A, 8 V +/-1%, 3-Pin DPAK",2.4,STMicroelectronics,LF80ABDT-TR,511-LF80ABDT-TR,https://www.mouser.co.uk/ProductDetail/STMicroelectronics/LF80ABDT-TR?qs=rQxjsk9FJaKqWqynhzWMLQ%3D%3D
,,IC6,LF80ABDT-TR,LF80ABDT:LF80ABDT-TR,Audio_Module:TO228P972X240-3N,http://www.st.com/st-web-ui/static/active/en/resource/technical/document/datasheet/CD00000546.pdf,LF80ABDT-TR,https://www.arrow.com/en/products/lf80abdt-tr/stmicroelectronics?region=nac,"LF80ABDT-TR, Low Dropout Voltage Regulator, 0.5A, 8 V +/-1%, 3-Pin DPAK",2.4,STMicroelectronics,LF80ABDT-TR,511-LF80ABDT-TR,https://www.mouser.co.uk/ProductDetail/STMicroelectronics/LF80ABDT-TR?qs=rQxjsk9FJaKqWqynhzWMLQ%3D%3D
,,IC7,TEENSY_4.1,teensy:TEENSY_4.1,Audio_Module:TEENSY41,https://www.pjrc.com/store/teensy41.html,,,Teensy 4.1 Development Board,,PJRC,TEENSY 4.1,,
,,IC8,LF80ABDT-TR,LF80ABDT:LF80ABDT-TR,Audio_Module:TO228P972X240-3N,http://www.st.com/st-web-ui/static/active/en/resource/technical/document/datasheet/CD00000546.pdf,LF80ABDT-TR,https://www.arrow.com/en/products/lf80abdt-tr/stmicroelectronics?region=nac,"LF80ABDT-TR, Low Dropout Voltage Regulator, 0.5A, 8 V +/-1%, 3-Pin DPAK",2.4,STMicroelectronics,LF80ABDT-TR,511-LF80ABDT-TR,https://www.mouser.co.uk/ProductDetail/STMicroelectronics/LF80ABDT-TR?qs=rQxjsk9FJaKqWqynhzWMLQ%3D%3D
,,IC9,LM4050CIM3-2.5_NOPB,lm4050:LM4050CIM3-2.5_NOPB,Audio_Module:SOT95P237X112-3N,http://www.ti.com/lit/gpn/lm4050-n,LM4050CIM3-2.5/NOPB,https://www.arrow.com/en/products/lm4050cim3-2.5nopb/texas-instruments?region=nac,50ppm/C Precision Micropower Shunt Voltage Reference,1.12,Texas Instruments,LM4050CIM3-2.5/NOPB,926-LM4050CIM325NOPB,https://www.mouser.co.uk/ProductDetail/Texas-Instruments/LM4050CIM3-25-NOPB?qs=QbsRYf82W3GLOSrwztE2%252BA%3D%3D
,,IC10,LM4050CIM3-2.5_NOPB,lm4050:LM4050CIM3-2.5_NOPB,Audio_Module:SOT95P237X112-3N,http://www.ti.com/lit/gpn/lm4050-n,LM4050CIM3-2.5/NOPB,https://www.arrow.com/en/products/lm4050cim3-2.5nopb/texas-instruments?region=nac,50ppm/C Precision Micropower Shunt Voltage Reference,1.12,Texas Instruments,LM4050CIM3-2.5/NOPB,926-LM4050CIM325NOPB,https://www.mouser.co.uk/ProductDetail/Texas-Instruments/LM4050CIM3-25-NOPB?qs=QbsRYf82W3GLOSrwztE2%252BA%3D%3D
,,IC11,ADP150AUJZ-3.3-R7,ADP150aUJZ:ADP150AUJZ-3.3-R7,Audio_Module:SOT95P280X100-5N,https://www.digikey.com/product-detail/en/analog-devices-inc/ADP150AUJZ-3.3-R7/ADP150AUJZ-3.3-R7CT-ND/2207505,ADP150AUJZ-3.3-R7,https://www.arrow.com/en/products/adp150aujz-3.3-r7/analog-devices?region=nac,"Ultralow Noise, 150 mA CMOS Linear Regulator",1,Analog Devices,ADP150AUJZ-3.3-R7,N/A,https://www.mouser.com/Search/Refine.aspx?Keyword=N%2FA
,,IC31,ADP150AUJZ-3.3-R7,ADP150aUJZ:ADP150AUJZ-3.3-R7,Audio_Module:SOT95P280X100-5N,https://www.digikey.com/product-detail/en/analog-devices-inc/ADP150AUJZ-3.3-R7/ADP150AUJZ-3.3-R7CT-ND/2207505,ADP150AUJZ-3.3-R7,https://www.arrow.com/en/products/adp150aujz-3.3-r7/analog-devices?region=nac,"Ultralow Noise, 150 mA CMOS Linear Regulator",1,Analog Devices,ADP150AUJZ-3.3-R7,N/A,https://www.mouser.com/Search/Refine.aspx?Keyword=N%2FA
,,IC32,ADA4254ARUZ-R7,ada4254:ADA4254ARUZ-R7,Audio_Module:SOP65P640X120-24N,https://componentsearchengine.com/Datasheets/1/ADA4254ARUZ-R7.pdf,,,Instrumentation Amplifiers PGiA enabling universal modules w/SIL,1.2,Analog Devices,ADA4254ARUZ-R7,584-ADA4254ARUZ-R7,https://www.mouser.co.uk/ProductDetail/Analog-Devices/ADA4254ARUZ-R7?qs=B6kkDfuK7%2FD2EHLOR7u2BA%3D%3D
,,IC41,ADP150AUJZ-3.3-R7,ADP150aUJZ:ADP150AUJZ-3.3-R7,Audio_Module:SOT95P280X100-5N,https://www.digikey.com/product-detail/en/analog-devices-inc/ADP150AUJZ-3.3-R7/ADP150AUJZ-3.3-R7CT-ND/2207505,ADP150AUJZ-3.3-R7,https://www.arrow.com/en/products/adp150aujz-3.3-r7/analog-devices?region=nac,"Ultralow Noise, 150 mA CMOS Linear Regulator",1,Analog Devices,ADP150AUJZ-3.3-R7,N/A,https://www.mouser.com/Search/Refine.aspx?Keyword=N%2FA
,,IC42,ADA4254ARUZ-R7,ada4254:ADA4254ARUZ-R7,Audio_Module:SOP65P640X120-24N,https://componentsearchengine.com/Datasheets/1/ADA4254ARUZ-R7.pdf,,,Instrumentation Amplifiers PGiA enabling universal modules w/SIL,1.2,Analog Devices,ADA4254ARUZ-R7,584-ADA4254ARUZ-R7,https://www.mouser.co.uk/ProductDetail/Analog-Devices/ADA4254ARUZ-R7?qs=B6kkDfuK7%2FD2EHLOR7u2BA%3D%3D
,,IC51,ADP150AUJZ-3.3-R7,ADP150aUJZ:ADP150AUJZ-3.3-R7,Audio_Module:SOT95P280X100-5N,https://www.digikey.com/product-detail/en/analog-devices-inc/ADP150AUJZ-3.3-R7/ADP150AUJZ-3.3-R7CT-ND/2207505,ADP150AUJZ-3.3-R7,https://www.arrow.com/en/products/adp150aujz-3.3-r7/analog-devices?region=nac,"Ultralow Noise, 150 mA CMOS Linear Regulator",1,Analog Devices,ADP150AUJZ-3.3-R7,N/A,https://www.mouser.com/Search/Refine.aspx?Keyword=N%2FA
,,IC52,ADA4254ARUZ-R7,ada4254:ADA4254ARUZ-R7,Audio_Module:SOP65P640X120-24N,https://componentsearchengine.com/Datasheets/1/ADA4254ARUZ-R7.pdf,,,Instrumentation Amplifiers PGiA enabling universal modules w/SIL,1.2,Analog Devices,ADA4254ARUZ-R7,584-ADA4254ARUZ-R7,https://www.mouser.co.uk/ProductDetail/Analog-Devices/ADA4254ARUZ-R7?qs=B6kkDfuK7%2FD2EHLOR7u2BA%3D%3D
,,IC61,ADP150AUJZ-3.3-R7,ADP150aUJZ:ADP150AUJZ-3.3-R7,Audio_Module:SOT95P280X100-5N,https://www.digikey.com/product-detail/en/analog-devices-inc/ADP150AUJZ-3.3-R7/ADP150AUJZ-3.3-R7CT-ND/2207505,ADP150AUJZ-3.3-R7,https://www.arrow.com/en/products/adp150aujz-3.3-r7/analog-devices?region=nac,"Ultralow Noise, 150 mA CMOS Linear Regulator",1,Analog Devices,ADP150AUJZ-3.3-R7,N/A,https://www.mouser.com/Search/Refine.aspx?Keyword=N%2FA
,,IC62,ADA4254ARUZ-R7,ada4254:ADA4254ARUZ-R7,Audio_Module:SOP65P640X120-24N,https://componentsearchengine.com/Datasheets/1/ADA4254ARUZ-R7.pdf,,,Instrumentation Amplifiers PGiA enabling universal modules w/SIL,1.2,Analog Devices,ADA4254ARUZ-R7,584-ADA4254ARUZ-R7,https://www.mouser.co.uk/ProductDetail/Analog-Devices/ADA4254ARUZ-R7?qs=B6kkDfuK7%2FD2EHLOR7u2BA%3D%3D
,,IC71,ADP150AUJZ-3.3-R7,ADP150aUJZ:ADP150AUJZ-3.3-R7,Audio_Module:SOT95P280X100-5N,https://www.digikey.com/product-detail/en/analog-devices-inc/ADP150AUJZ-3.3-R7/ADP150AUJZ-3.3-R7CT-ND/2207505,ADP150AUJZ-3.3-R7,https://www.arrow.com/en/products/adp150aujz-3.3-r7/analog-devices?region=nac,"Ultralow Noise, 150 mA CMOS Linear Regulator",1,Analog Devices,ADP150AUJZ-3.3-R7,N/A,https://www.mouser.com/Search/Refine.aspx?Keyword=N%2FA
,,IC72,ADA4254ARUZ-R7,ada4254:ADA4254ARUZ-R7,Audio_Module:SOP65P640X120-24N,https://componentsearchengine.com/Datasheets/1/ADA4254ARUZ-R7.pdf,,,Instrumentation Amplifiers PGiA enabling universal modules w/SIL,1.2,Analog Devices,ADA4254ARUZ-R7,584-ADA4254ARUZ-R7,https://www.mouser.co.uk/ProductDetail/Analog-Devices/ADA4254ARUZ-R7?qs=B6kkDfuK7%2FD2EHLOR7u2BA%3D%3D
,,IC81,ADP150AUJZ-3.3-R7,ADP150aUJZ:ADP150AUJZ-3.3-R7,Audio_Module:SOT95P280X100-5N,https://www.digikey.com/product-detail/en/analog-devices-inc/ADP150AUJZ-3.3-R7/ADP150AUJZ-3.3-R7CT-ND/2207505,ADP150AUJZ-3.3-R7,https://www.arrow.com/en/products/adp150aujz-3.3-r7/analog-devices?region=nac,"Ultralow Noise, 150 mA CMOS Linear Regulator",1,Analog Devices,ADP150AUJZ-3.3-R7,N/A,https://www.mouser.com/Search/Refine.aspx?Keyword=N%2FA
,,IC82,ADA4254ARUZ-R7,ada4254:ADA4254ARUZ-R7,Audio_Module:SOP65P640X120-24N,https://componentsearchengine.com/Datasheets/1/ADA4254ARUZ-R7.pdf,,,Instrumentation Amplifiers PGiA enabling universal modules w/SIL,1.2,Analog Devices,ADA4254ARUZ-R7,584-ADA4254ARUZ-R7,https://www.mouser.co.uk/ProductDetail/Analog-Devices/ADA4254ARUZ-R7?qs=B6kkDfuK7%2FD2EHLOR7u2BA%3D%3D
,,IC91,ADP150AUJZ-3.3-R7,ADP150aUJZ:ADP150AUJZ-3.3-R7,Audio_Module:SOT95P280X100-5N,https://www.digikey.com/product-detail/en/analog-devices-inc/ADP150AUJZ-3.3-R7/ADP150AUJZ-3.3-R7CT-ND/2207505,ADP150AUJZ-3.3-R7,https://www.arrow.com/en/products/adp150aujz-3.3-r7/analog-devices?region=nac,"Ultralow Noise, 150 mA CMOS Linear Regulator",1,Analog Devices,ADP150AUJZ-3.3-R7,N/A,https://www.mouser.com/Search/Refine.aspx?Keyword=N%2FA
,,IC92,ADA4254ARUZ-R7,ada4254:ADA4254ARUZ-R7,Audio_Module:SOP65P640X120-24N,https://componentsearchengine.com/Datasheets/1/ADA4254ARUZ-R7.pdf,,,Instrumentation Amplifiers PGiA enabling universal modules w/SIL,1.2,Analog Devices,ADA4254ARUZ-R7,584-ADA4254ARUZ-R7,https://www.mouser.co.uk/ProductDetail/Analog-Devices/ADA4254ARUZ-R7?qs=B6kkDfuK7%2FD2EHLOR7u2BA%3D%3D
,,IC101,ADS1256IDBT,ADS1256:ADS1256IDBT,Audio_Module:SOP65P780X200-28N,http://componentsearchengine.com/Datasheets/3/ADS1256IDBT.pdf,ADS1256IDBT,https://www.arrow.com/en/products/ads1256idbt/texas-instruments?region=nac,"24-bit, 30kSPS, 8-Ch Delta-Sigma ADC with PGA for Factory Automation and Process Control",2,Texas Instruments,ADS1256IDBT,595-ADS1256IDBT,https://www.mouser.co.uk/ProductDetail/Texas-Instruments/ADS1256IDBT?qs=RaXRGs7zCv7ohBVNWdKfTA%3D%3D
,,J1,132136,SMA_90_degree:132136,Audio_Module:132136,https://componentsearchengine.com/Datasheets/5/132136.pdf,132136,https://www.arrow.com/en/products/132136/amphenol-rf?region=nac,RF Connectors / Coaxial Connectors SMA PCB RECEPTACLE RIGHT ANGLE,10.26,Amphenol,132136,523-132136,https://www.mouser.co.uk/ProductDetail/Amphenol-RF/132136?qs=Ld4zsxSTIA6C8fkM7Uvm2Q%3D%3D
,,J2,132136,SMA_90_degree:132136,Audio_Module:132136,https://componentsearchengine.com/Datasheets/5/132136.pdf,132136,https://www.arrow.com/en/products/132136/amphenol-rf?region=nac,RF Connectors / Coaxial Connectors SMA PCB RECEPTACLE RIGHT ANGLE,10.26,Amphenol,132136,523-132136,https://www.mouser.co.uk/ProductDetail/Amphenol-RF/132136?qs=Ld4zsxSTIA6C8fkM7Uvm2Q%3D%3D
,,J3,132136,SMA_90_degree:132136,Audio_Module:132136,https://componentsearchengine.com/Datasheets/5/132136.pdf,132136,https://www.arrow.com/en/products/132136/amphenol-rf?region=nac,RF Connectors / Coaxial Connectors SMA PCB RECEPTACLE RIGHT ANGLE,10.26,Amphenol,132136,523-132136,https://www.mouser.co.uk/ProductDetail/Amphenol-RF/132136?qs=Ld4zsxSTIA6C8fkM7Uvm2Q%3D%3D
,,J4,132136,SMA_90_degree:132136,Audio_Module:132136,https://componentsearchengine.com/Datasheets/5/132136.pdf,132136,https://www.arrow.com/en/products/132136/amphenol-rf?region=nac,RF Connectors / Coaxial Connectors SMA PCB RECEPTACLE RIGHT ANGLE,10.26,Amphenol,132136,523-132136,https://www.mouser.co.uk/ProductDetail/Amphenol-RF/132136?qs=Ld4zsxSTIA6C8fkM7Uvm2Q%3D%3D
,,J5,132136,SMA_90_degree:132136,Audio_Module:132136,https://componentsearchengine.com/Datasheets/5/132136.pdf,132136,https://www.arrow.com/en/products/132136/amphenol-rf?region=nac,RF Connectors / Coaxial Connectors SMA PCB RECEPTACLE RIGHT ANGLE,10.26,Amphenol,132136,523-132136,https://www.mouser.co.uk/ProductDetail/Amphenol-RF/132136?qs=Ld4zsxSTIA6C8fkM7Uvm2Q%3D%3D
,,J6,132136,SMA_90_degree:132136,Audio_Module:132136,https://componentsearchengine.com/Datasheets/5/132136.pdf,132136,https://www.arrow.com/en/products/132136/amphenol-rf?region=nac,RF Connectors / Coaxial Connectors SMA PCB RECEPTACLE RIGHT ANGLE,10.26,Amphenol,132136,523-132136,https://www.mouser.co.uk/ProductDetail/Amphenol-RF/132136?qs=Ld4zsxSTIA6C8fkM7Uvm2Q%3D%3D
,,J7,132136,SMA_90_degree:132136,Audio_Module:132136,https://componentsearchengine.com/Datasheets/5/132136.pdf,132136,https://www.arrow.com/en/products/132136/amphenol-rf?region=nac,RF Connectors / Coaxial Connectors SMA PCB RECEPTACLE RIGHT ANGLE,10.26,Amphenol,132136,523-132136,https://www.mouser.co.uk/ProductDetail/Amphenol-RF/132136?qs=Ld4zsxSTIA6C8fkM7Uvm2Q%3D%3D
,,J8,132136,SMA_90_degree:132136,Audio_Module:132136,https://componentsearchengine.com/Datasheets/5/132136.pdf,132136,https://www.arrow.com/en/products/132136/amphenol-rf?region=nac,RF Connectors / Coaxial Connectors SMA PCB RECEPTACLE RIGHT ANGLE,10.26,Amphenol,132136,523-132136,https://www.mouser.co.uk/ProductDetail/Amphenol-RF/132136?qs=Ld4zsxSTIA6C8fkM7Uvm2Q%3D%3D
,,J9,132136,SMA_90_degree:132136,Audio_Module:132136,https://componentsearchengine.com/Datasheets/5/132136.pdf,132136,https://www.arrow.com/en/products/132136/amphenol-rf?region=nac,RF Connectors / Coaxial Connectors SMA PCB RECEPTACLE RIGHT ANGLE,10.26,Amphenol,132136,523-132136,https://www.mouser.co.uk/ProductDetail/Amphenol-RF/132136?qs=Ld4zsxSTIA6C8fkM7Uvm2Q%3D%3D
,,J10,132136,SMA_90_degree:132136,Audio_Module:132136,https://componentsearchengine.com/Datasheets/5/132136.pdf,132136,https://www.arrow.com/en/products/132136/amphenol-rf?region=nac,RF Connectors / Coaxial Connectors SMA PCB RECEPTACLE RIGHT ANGLE,10.26,Amphenol,132136,523-132136,https://www.mouser.co.uk/ProductDetail/Amphenol-RF/132136?qs=Ld4zsxSTIA6C8fkM7Uvm2Q%3D%3D
,,J11,132136,SMA_90_degree:132136,Audio_Module:132136,https://componentsearchengine.com/Datasheets/5/132136.pdf,132136,https://www.arrow.com/en/products/132136/amphenol-rf?region=nac,RF Connectors / Coaxial Connectors SMA PCB RECEPTACLE RIGHT ANGLE,10.26,Amphenol,132136,523-132136,https://www.mouser.co.uk/ProductDetail/Amphenol-RF/132136?qs=Ld4zsxSTIA6C8fkM7Uvm2Q%3D%3D
,,J12,132136,SMA_90_degree:132136,Audio_Module:132136,https://componentsearchengine.com/Datasheets/5/132136.pdf,132136,https://www.arrow.com/en/products/132136/amphenol-rf?region=nac,RF Connectors / Coaxial Connectors SMA PCB RECEPTACLE RIGHT ANGLE,10.26,Amphenol,132136,523-132136,https://www.mouser.co.uk/ProductDetail/Amphenol-RF/132136?qs=Ld4zsxSTIA6C8fkM7Uvm2Q%3D%3D
,,J13,Screw_Terminal_01x03,Connector:Screw_Terminal_01x03,"TerminalBlock_Phoenix:TerminalBlock_Phoenix_MKDS-1,5-3-5.08_1x03_P5.08mm_Horizontal",~,,,,,,,,
,,J14,Conn_01x11_Male,Connector:Conn_01x11_Male,Connector_PinHeader_2.54mm:PinHeader_1x11_P2.54mm_Vertical,~,,,,,,,,
,,J15,Conn_01x07_Male,Connector:Conn_01x07_Male,Connector_PinHeader_2.54mm:PinHeader_1x07_P2.54mm_Vertical,~,,,,,,,,
,,J16,Conn_01x06_Male,Connector:Conn_01x06_Male,Connector_PinHeader_2.54mm:PinHeader_1x06_P2.54mm_Vertical,~,,,,,,,,
,,J17,Conn_01x04_Male,Connector:Conn_01x04_Male,Connector_PinHeader_2.54mm:PinHeader_1x04_P2.54mm_Vertical,~,,,,,,,,
,,J18,Conn_01x02_Male,Connector:Conn_01x02_Male,Connector_PinHeader_2.54mm:PinHeader_1x02_P2.54mm_Vertical,~,,,,,,,,
,,J19,Conn_01x06_Male,Connector:Conn_01x06_Male,Connector_PinHeader_2.54mm:PinHeader_1x06_P2.54mm_Vertical,~,,,,,,,,
,,J81,132136,SMA_90_degree:132136,Audio_Module:132136,https://componentsearchengine.com/Datasheets/5/132136.pdf,132136,https://www.arrow.com/en/products/132136/amphenol-rf?region=nac,RF Connectors / Coaxial Connectors SMA PCB RECEPTACLE RIGHT ANGLE,10.26,Amphenol,132136,523-132136,https://www.mouser.co.uk/ProductDetail/Amphenol-RF/132136?qs=Ld4zsxSTIA6C8fkM7Uvm2Q%3D%3D
,,J82,132136,SMA_90_degree:132136,Audio_Module:132136,https://componentsearchengine.com/Datasheets/5/132136.pdf,132136,https://www.arrow.com/en/products/132136/amphenol-rf?region=nac,RF Connectors / Coaxial Connectors SMA PCB RECEPTACLE RIGHT ANGLE,10.26,Amphenol,132136,523-132136,https://www.mouser.co.uk/ProductDetail/Amphenol-RF/132136?qs=Ld4zsxSTIA6C8fkM7Uvm2Q%3D%3D
,,J91,132136,SMA_90_degree:132136,Audio_Module:132136,https://componentsearchengine.com/Datasheets/5/132136.pdf,132136,https://www.arrow.com/en/products/132136/amphenol-rf?region=nac,RF Connectors / Coaxial Connectors SMA PCB RECEPTACLE RIGHT ANGLE,10.26,Amphenol,132136,523-132136,https://www.mouser.co.uk/ProductDetail/Amphenol-RF/132136?qs=Ld4zsxSTIA6C8fkM7Uvm2Q%3D%3D
,,J92,132136,SMA_90_degree:132136,Audio_Module:132136,https://componentsearchengine.com/Datasheets/5/132136.pdf,132136,https://www.arrow.com/en/products/132136/amphenol-rf?region=nac,RF Connectors / Coaxial Connectors SMA PCB RECEPTACLE RIGHT ANGLE,10.26,Amphenol,132136,523-132136,https://www.mouser.co.uk/ProductDetail/Amphenol-RF/132136?qs=Ld4zsxSTIA6C8fkM7Uvm2Q%3D%3D
,,R1,49.9,Device:R_Small_US,Resistor_SMD:R_0603_1608Metric_Pad0.98x0.95mm_HandSolder,~,,,,,,,,
,,R2,49.9,Device:R_Small_US,Resistor_SMD:R_0603_1608Metric_Pad0.98x0.95mm_HandSolder,~,,,,,,,,
,,R3,100,Device:R_Small_US,Resistor_SMD:R_0603_1608Metric_Pad0.98x0.95mm_HandSolder,~,,,,,,,,
,,R4,100,Device:R_Small_US,Resistor_SMD:R_0603_1608Metric_Pad0.98x0.95mm_HandSolder,~,,,,,,,,
,,R5,100,Device:R_Small_US,Resistor_SMD:R_0603_1608Metric_Pad0.98x0.95mm_HandSolder,~,,,,,,,,
,,R6,100,Device:R_Small_US,Resistor_SMD:R_0603_1608Metric_Pad0.98x0.95mm_HandSolder,~,,,,,,,,
,,R7,100,Device:R_Small_US,Resistor_SMD:R_0603_1608Metric_Pad0.98x0.95mm_HandSolder,~,,,,,,,,
,,R8,100,Device:R_Small_US,Resistor_SMD:R_0603_1608Metric_Pad0.98x0.95mm_HandSolder,~,,,,,,,,
,,R9,100,Device:R_Small_US,Resistor_SMD:R_0603_1608Metric_Pad0.98x0.95mm_HandSolder,~,,,,,,,,
,,R10,100,Device:R_Small_US,Resistor_SMD:R_0603_1608Metric_Pad0.98x0.95mm_HandSolder,~,,,,,,,,
,,R11,100,Device:R_US,Resistor_SMD:R_0603_1608Metric_Pad0.98x0.95mm_HandSolder,~,,,,,,,,
,,R12,100,Device:R_US,Resistor_SMD:R_0603_1608Metric_Pad0.98x0.95mm_HandSolder,~,,,,,,,,
,,R13,100,Device:R_US,Resistor_SMD:R_0603_1608Metric_Pad0.98x0.95mm_HandSolder,~,,,,,,,,
,,R14,100,Device:R_US,Resistor_SMD:R_0603_1608Metric_Pad0.98x0.95mm_HandSolder,~,,,,,,,,
,,R15,4.99k,Device:R_US,Resistor_SMD:R_0603_1608Metric_Pad0.98x0.95mm_HandSolder,~,,,,,,,,
,,R16,4.99k,Device:R_US,Resistor_SMD:R_0603_1608Metric_Pad0.98x0.95mm_HandSolder,~,,,,,,,,
,,R17,10,Device:R_US,Resistor_SMD:R_0603_1608Metric_Pad0.98x0.95mm_HandSolder,~,,,,,,,,
,,R18,0,Device:R_US,Resistor_SMD:R_0603_1608Metric_Pad0.98x0.95mm_HandSolder,~,,,,,,,,
,,R19,0,Device:R_US,Resistor_SMD:R_0603_1608Metric_Pad0.98x0.95mm_HandSolder,~,,,,,,,,
,,R20,100,Device:R_Small_US,Resistor_SMD:R_0603_1608Metric_Pad0.98x0.95mm_HandSolder,~,,,,,,,,
,,R21,100,Device:R_Small_US,Resistor_SMD:R_0603_1608Metric_Pad0.98x0.95mm_HandSolder,~,,,,,,,,
,,R22,100,Device:R_Small_US,Resistor_SMD:R_0603_1608Metric_Pad0.98x0.95mm_HandSolder,~,,,,,,,,
,,R23,100,Device:R_Small_US,Resistor_SMD:R_0603_1608Metric_Pad0.98x0.95mm_HandSolder,~,,,,,,,,
,,R24,49.9,Device:R_Small_US,Resistor_SMD:R_0603_1608Metric_Pad0.98x0.95mm_HandSolder,~,,,,,,,,
,,R25,49.9,Device:R_Small_US,Resistor_SMD:R_0603_1608Metric_Pad0.98x0.95mm_HandSolder,~,,,,,,,,
,,R26,100,Device:R_Small_US,Resistor_SMD:R_0603_1608Metric_Pad0.98x0.95mm_HandSolder,~,,,,,,,,
,,R27,100,Device:R_Small_US,Resistor_SMD:R_0603_1608Metric_Pad0.98x0.95mm_HandSolder,~,,,,,,,,
,,R28,100,Device:R_Small_US,Resistor_SMD:R_0603_1608Metric_Pad0.98x0.95mm_HandSolder,~,,,,,,,,
,,R29,100,Device:R_Small_US,Resistor_SMD:R_0603_1608Metric_Pad0.98x0.95mm_HandSolder,~,,,,,,,,
,,R30,100,Device:R_Small_US,Resistor_SMD:R_0603_1608Metric_Pad0.98x0.95mm_HandSolder,~,,,,,,,,
,,R31,100,Device:R_US,Resistor_SMD:R_0603_1608Metric_Pad0.98x0.95mm_HandSolder,~,,,,,,,,
,,R32,100,Device:R_US,Resistor_SMD:R_0603_1608Metric_Pad0.98x0.95mm_HandSolder,~,,,,,,,,
,,R33,100,Device:R_US,Resistor_SMD:R_0603_1608Metric_Pad0.98x0.95mm_HandSolder,~,,,,,,,,
,,R34,100,Device:R_US,Resistor_SMD:R_0603_1608Metric_Pad0.98x0.95mm_HandSolder,~,,,,,,,,
,,R35,4.99k,Device:R_US,Resistor_SMD:R_0603_1608Metric_Pad0.98x0.95mm_HandSolder,~,,,,,,,,
,,R36,4.99k,Device:R_US,Resistor_SMD:R_0603_1608Metric_Pad0.98x0.95mm_HandSolder,~,,,,,,,,
,,R37,10,Device:R_US,Resistor_SMD:R_0603_1608Metric_Pad0.98x0.95mm_HandSolder,~,,,,,,,,
,,R38,0,Device:R_US,Resistor_SMD:R_0603_1608Metric_Pad0.98x0.95mm_HandSolder,~,,,,,,,,
,,R39,0,Device:R_US,Resistor_SMD:R_0603_1608Metric_Pad0.98x0.95mm_HandSolder,~,,,,,,,,
,,R40,100,Device:R_Small_US,Resistor_SMD:R_0603_1608Metric_Pad0.98x0.95mm_HandSolder,~,,,,,,,,
,,R41,100,Device:R_US,Resistor_SMD:R_0603_1608Metric_Pad0.98x0.95mm_HandSolder,~,,,,,,,,
,,R42,100,Device:R_US,Resistor_SMD:R_0603_1608Metric_Pad0.98x0.95mm_HandSolder,~,,,,,,,,
,,R43,100,Device:R_US,Resistor_SMD:R_0603_1608Metric_Pad0.98x0.95mm_HandSolder,~,,,,,,,,
,,R44,100,Device:R_US,Resistor_SMD:R_0603_1608Metric_Pad0.98x0.95mm_HandSolder,~,,,,,,,,
,,R45,4.99k,Device:R_US,Resistor_SMD:R_0603_1608Metric_Pad0.98x0.95mm_HandSolder,~,,,,,,,,
,,R46,4.99k,Device:R_US,Resistor_SMD:R_0603_1608Metric_Pad0.98x0.95mm_HandSolder,~,,,,,,,,
,,R47,10,Device:R_US,Resistor_SMD:R_0603_1608Metric_Pad0.98x0.95mm_HandSolder,~,,,,,,,,
,,R48,0,Device:R_US,Resistor_SMD:R_0603_1608Metric_Pad0.98x0.95mm_HandSolder,~,,,,,,,,
,,R49,0,Device:R_US,Resistor_SMD:R_0603_1608Metric_Pad0.98x0.95mm_HandSolder,~,,,,,,,,
,,R50,100,Device:R_Small_US,Resistor_SMD:R_0603_1608Metric_Pad0.98x0.95mm_HandSolder,~,,,,,,,,
,,R51,100,Device:R_US,Resistor_SMD:R_0603_1608Metric_Pad0.98x0.95mm_HandSolder,~,,,,,,,,
,,R52,100,Device:R_US,Resistor_SMD:R_0603_1608Metric_Pad0.98x0.95mm_HandSolder,~,,,,,,,,
,,R53,100,Device:R_US,Resistor_SMD:R_0603_1608Metric_Pad0.98x0.95mm_HandSolder,~,,,,,,,,
,,R54,100,Device:R_US,Resistor_SMD:R_0603_1608Metric_Pad0.98x0.95mm_HandSolder,~,,,,,,,,
,,R55,4.99k,Device:R_US,Resistor_SMD:R_0603_1608Metric_Pad0.98x0.95mm_HandSolder,~,,,,,,,,
,,R56,4.99k,Device:R_US,Resistor_SMD:R_0603_1608Metric_Pad0.98x0.95mm_HandSolder,~,,,,,,,,
,,R57,10,Device:R_US,Resistor_SMD:R_0603_1608Metric_Pad0.98x0.95mm_HandSolder,~,,,,,,,,
,,R58,0,Device:R_US,Resistor_SMD:R_0603_1608Metric_Pad0.98x0.95mm_HandSolder,~,,,,,,,,
,,R59,0,Device:R_US,Resistor_SMD:R_0603_1608Metric_Pad0.98x0.95mm_HandSolder,~,,,,,,,,
,,R60,100,Device:R_Small_US,Resistor_SMD:R_0603_1608Metric_Pad0.98x0.95mm_HandSolder,~,,,,,,,,
,,R61,100,Device:R_US,Resistor_SMD:R_0603_1608Metric_Pad0.98x0.95mm_HandSolder,~,,,,,,,,
,,R62,100,Device:R_US,Resistor_SMD:R_0603_1608Metric_Pad0.98x0.95mm_HandSolder,~,,,,,,,,
,,R63,100,Device:R_US,Resistor_SMD:R_0603_1608Metric_Pad0.98x0.95mm_HandSolder,~,,,,,,,,
,,R64,100,Device:R_US,Resistor_SMD:R_0603_1608Metric_Pad0.98x0.95mm_HandSolder,~,,,,,,,,
,,R65,4.99k,Device:R_US,Resistor_SMD:R_0603_1608Metric_Pad0.98x0.95mm_HandSolder,~,,,,,,,,
,,R66,4.99k,Device:R_US,Resistor_SMD:R_0603_1608Metric_Pad0.98x0.95mm_HandSolder,~,,,,,,,,
,,R67,10,Device:R_US,Resistor_SMD:R_0603_1608Metric_Pad0.98x0.95mm_HandSolder,~,,,,,,,,
,,R68,0,Device:R_US,Resistor_SMD:R_0603_1608Metric_Pad0.98x0.95mm_HandSolder,~,,,,,,,,
,,R69,0,Device:R_US,Resistor_SMD:R_0603_1608Metric_Pad0.98x0.95mm_HandSolder,~,,,,,,,,
,,R70,100,Device:R_Small_US,Resistor_SMD:R_0603_1608Metric_Pad0.98x0.95mm_HandSolder,~,,,,,,,,
,,R71,100,Device:R_US,Resistor_SMD:R_0603_1608Metric_Pad0.98x0.95mm_HandSolder,~,,,,,,,,
,,R72,100,Device:R_US,Resistor_SMD:R_0603_1608Metric_Pad0.98x0.95mm_HandSolder,~,,,,,,,,
,,R73,100,Device:R_US,Resistor_SMD:R_0603_1608Metric_Pad0.98x0.95mm_HandSolder,~,,,,,,,,
,,R74,100,Device:R_US,Resistor_SMD:R_0603_1608Metric_Pad0.98x0.95mm_HandSolder,~,,,,,,,,
,,R75,4.99k,Device:R_US,Resistor_SMD:R_0603_1608Metric_Pad0.98x0.95mm_HandSolder,~,,,,,,,,
,,R76,4.99k,Device:R_US,Resistor_SMD:R_0603_1608Metric_Pad0.98x0.95mm_HandSolder,~,,,,,,,,
,,R77,10,Device:R_US,Resistor_SMD:R_0603_1608Metric_Pad0.98x0.95mm_HandSolder,~,,,,,,,,
,,R78,0,Device:R_US,Resistor_SMD:R_0603_1608Metric_Pad0.98x0.95mm_HandSolder,~,,,,,,,,
,,R79,0,Device:R_US,Resistor_SMD:R_0603_1608Metric_Pad0.98x0.95mm_HandSolder,~,,,,,,,,
,,R80,100,Device:R_Small_US,Resistor_SMD:R_0603_1608Metric_Pad0.98x0.95mm_HandSolder,~,,,,,,,,
,,R81,100,Device:R_US,Resistor_SMD:R_0603_1608Metric_Pad0.98x0.95mm_HandSolder,~,,,,,,,,
,,R82,100,Device:R_US,Resistor_SMD:R_0603_1608Metric_Pad0.98x0.95mm_HandSolder,~,,,,,,,,
,,R83,100,Device:R_US,Resistor_SMD:R_0603_1608Metric_Pad0.98x0.95mm_HandSolder,~,,,,,,,,
,,R84,100,Device:R_US,Resistor_SMD:R_0603_1608Metric_Pad0.98x0.95mm_HandSolder,~,,,,,,,,
,,R85,4.99k,Device:R_US,Resistor_SMD:R_0603_1608Metric_Pad0.98x0.95mm_HandSolder,~,,,,,,,,
,,R86,4.99k,Device:R_US,Resistor_SMD:R_0603_1608Metric_Pad0.98x0.95mm_HandSolder,~,,,,,,,,
,,R87,10,Device:R_US,Resistor_SMD:R_0603_1608Metric_Pad0.98x0.95mm_HandSolder,~,,,,,,,,
,,R88,0,Device:R_US,Resistor_SMD:R_0603_1608Metric_Pad0.98x0.95mm_HandSolder,~,,,,,,,,
,,R89,0,Device:R_US,Resistor_SMD:R_0603_1608Metric_Pad0.98x0.95mm_HandSolder,~,,,,,,,,
,,R90,100,Device:R_Small_US,Resistor_SMD:R_0603_1608Metric_Pad0.98x0.95mm_HandSolder,~,,,,,,,,
,,R91,100,Device:R_US,Resistor_SMD:R_0603_1608Metric_Pad0.98x0.95mm_HandSolder,~,,,,,,,,
,,R92,100,Device:R_US,Resistor_SMD:R_0603_1608Metric_Pad0.98x0.95mm_HandSolder,~,,,,,,,,
,,R93,100,Device:R_US,Resistor_SMD:R_0603_1608Metric_Pad0.98x0.95mm_HandSolder,~,,,,,,,,
,,R94,100,Device:R_US,Resistor_SMD:R_0603_1608Metric_Pad0.98x0.95mm_HandSolder,~,,,,,,,,
,,R95,4.99k,Device:R_US,Resistor_SMD:R_0603_1608Metric_Pad0.98x0.95mm_HandSolder,~,,,,,,,,
,,R96,4.99k,Device:R_US,Resistor_SMD:R_0603_1608Metric_Pad0.98x0.95mm_HandSolder,~,,,,,,,,
,,R97,10,Device:R_US,Resistor_SMD:R_0603_1608Metric_Pad0.98x0.95mm_HandSolder,~,,,,,,,,
,,R98,0,Device:R_US,Resistor_SMD:R_0603_1608Metric_Pad0.98x0.95mm_HandSolder,~,,,,,,,,
,,R99,0,Device:R_US,Resistor_SMD:R_0603_1608Metric_Pad0.98x0.95mm_HandSolder,~,,,,,,,,
,,R100,100,Device:R_Small_US,Resistor_SMD:R_0603_1608Metric_Pad0.98x0.95mm_HandSolder,~,,,,,,,,
,,R101,100,Device:R_US,Resistor_SMD:R_0603_1608Metric_Pad0.98x0.95mm_HandSolder,~,,,,,,,,
,,R102,100,Device:R_US,Resistor_SMD:R_0603_1608Metric_Pad0.98x0.95mm_HandSolder,~,,,,,,,,
,,R103,100,Device:R_US,Resistor_SMD:R_0603_1608Metric_Pad0.98x0.95mm_HandSolder,~,,,,,,,,
,,R104,100,Device:R_US,Resistor_SMD:R_0603_1608Metric_Pad0.98x0.95mm_HandSolder,~,,,,,,,,
,,R105,100,Device:R_US,Resistor_SMD:R_0603_1608Metric_Pad0.98x0.95mm_HandSolder,~,,,,,,,,
,,R106,100,Device:R_US,Resistor_SMD:R_0603_1608Metric_Pad0.98x0.95mm_HandSolder,~,,,,,,,,
,,R107,10k,Device:R_Small_US,Resistor_SMD:R_0603_1608Metric_Pad0.98x0.95mm_HandSolder,~,,,,,,,,
,,R108,100,Device:R_US,Resistor_SMD:R_0603_1608Metric_Pad0.98x0.95mm_HandSolder,~,,,,,,,,
,,R109,49.9,Device:R_Small_US,Resistor_SMD:R_0603_1608Metric_Pad0.98x0.95mm_HandSolder,~,,,,,,,,
,,R110,0,Device:R_US,Resistor_SMD:R_0603_1608Metric_Pad0.98x0.95mm_HandSolder,~,,,,,,,,
,,R111,0,Device:R_US,Resistor_SMD:R_0603_1608Metric_Pad0.98x0.95mm_HandSolder,~,,,,,,,,
,,R112,100,Device:R_US,Resistor_SMD:R_0603_1608Metric_Pad0.98x0.95mm_HandSolder,~,,,,,,,,
,,R113,100,Device:R_US,Resistor_SMD:R_0603_1608Metric_Pad0.98x0.95mm_HandSolder,~,,,,,,,,
,,R118,100,Device:R_US,Resistor_SMD:R_0603_1608Metric_Pad0.98x0.95mm_HandSolder,~,,,,,,,,
,,R119,100,Device:R_US,Resistor_SMD:R_0603_1608Metric_Pad0.98x0.95mm_HandSolder,~,,,,,,,,
,,R120,100,Device:R_US,Resistor_SMD:R_0603_1608Metric_Pad0.98x0.95mm_HandSolder,~,,,,,,,,
,,R121,100,Device:R_US,Resistor_SMD:R_0603_1608Metric_Pad0.98x0.95mm_HandSolder,~,,,,,,,,
,,R122,100,Device:R_US,Resistor_SMD:R_0603_1608Metric_Pad0.98x0.95mm_HandSolder,~,,,,,,,,
,,R123,100,Device:R_US,Resistor_SMD:R_0603_1608Metric_Pad0.98x0.95mm_HandSolder,~,,,,,,,,
,,R124,100,Device:R_US,Resistor_SMD:R_0603_1608Metric_Pad0.98x0.95mm_HandSolder,~,,,,,,,,
,,R125,100,Device:R_US,Resistor_SMD:R_0603_1608Metric_Pad0.98x0.95mm_HandSolder,~,,,,,,,,
,,R310,0,Device:R_US,Resistor_SMD:R_0603_1608Metric_Pad0.98x0.95mm_HandSolder,~,,,,,,,,
,,R311,0,Device:R_US,Resistor_SMD:R_0603_1608Metric_Pad0.98x0.95mm_HandSolder,~,,,,,,,,
,,R410,0,Device:R_US,Resistor_SMD:R_0603_1608Metric_Pad0.98x0.95mm_HandSolder,~,,,,,,,,
,,R411,0,Device:R_US,Resistor_SMD:R_0603_1608Metric_Pad0.98x0.95mm_HandSolder,~,,,,,,,,
,,R510,0,Device:R_US,Resistor_SMD:R_0603_1608Metric_Pad0.98x0.95mm_HandSolder,~,,,,,,,,
,,R511,0,Device:R_US,Resistor_SMD:R_0603_1608Metric_Pad0.98x0.95mm_HandSolder,~,,,,,,,,
,,R610,0,Device:R_US,Resistor_SMD:R_0603_1608Metric_Pad0.98x0.95mm_HandSolder,~,,,,,,,,
,,R611,0,Device:R_US,Resistor_SMD:R_0603_1608Metric_Pad0.98x0.95mm_HandSolder,~,,,,,,,,
,,R710,0,Device:R_US,Resistor_SMD:R_0603_1608Metric_Pad0.98x0.95mm_HandSolder,~,,,,,,,,
,,R711,0,Device:R_US,Resistor_SMD:R_0603_1608Metric_Pad0.98x0.95mm_HandSolder,~,,,,,,,,
,,R810,0,Device:R_US,Resistor_SMD:R_0603_1608Metric_Pad0.98x0.95mm_HandSolder,~,,,,,,,,
,,R811,0,Device:R_US,Resistor_SMD:R_0603_1608Metric_Pad0.98x0.95mm_HandSolder,~,,,,,,,,
,,R910,0,Device:R_US,Resistor_SMD:R_0603_1608Metric_Pad0.98x0.95mm_HandSolder,~,,,,,,,,
,,R911,0,Device:R_US,Resistor_SMD:R_0603_1608Metric_Pad0.98x0.95mm_HandSolder,~,,,,,,,,
,,TP1,TestPoint,Connector:TestPoint,TestPoint:TestPoint_Keystone_5005-5009_Compact,~,,,,,,,,
,,TP2,TestPoint,Connector:TestPoint,TestPoint:TestPoint_Keystone_5005-5009_Compact,~,,,,,,,,
,,TP3,TestPoint,Connector:TestPoint,TestPoint:TestPoint_Keystone_5005-5009_Compact,~,,,,,,,,
,,TP4,TestPoint,Connector:TestPoint,TestPoint:TestPoint_Keystone_5005-5009_Compact,~,,,,,,,,
,,TP5,TestPoint,Connector:TestPoint,TestPoint:TestPoint_Keystone_5005-5009_Compact,~,,,,,,,,
,,TP6,TestPoint,Connector:TestPoint,TestPoint:TestPoint_Keystone_5005-5009_Compact,~,,,,,,,,
,,TP7,TestPoint,Connector:TestPoint,TestPoint:TestPoint_Keystone_5005-5009_Compact,~,,,,,,,,
,,TP8,TestPoint,Connector:TestPoint,TestPoint:TestPoint_Keystone_5005-5009_Compact,~,,,,,,,,
,,TP9,TestPoint,Connector:TestPoint,TestPoint:TestPoint_Keystone_5005-5009_Compact,~,,,,,,,,
,,TP10,TestPoint,Connector:TestPoint,TestPoint:TestPoint_Keystone_5005-5009_Compact,~,,,,,,,,
,,TP11,TestPoint,Connector:TestPoint,TestPoint:TestPoint_Keystone_5005-5009_Compact,~,,,,,,,,
,,TP12,TestPoint,Connector:TestPoint,TestPoint:TestPoint_Keystone_5005-5009_Compact,~,,,,,,,,
,,TP13,TestPoint,Connector:TestPoint,TestPoint:TestPoint_Keystone_5005-5009_Compact,~,,,,,,,,
,,TP14,TestPoint,Connector:TestPoint,TestPoint:TestPoint_Keystone_5005-5009_Compact,~,,,,,,,,
,,TP15,TestPoint,Connector:TestPoint,TestPoint:TestPoint_Keystone_5005-5009_Compact,~,,,,,,,,
,,TP16,TestPoint,Connector:TestPoint,TestPoint:TestPoint_Keystone_5005-5009_Compact,~,,,,,,,,
,,TP17,TestPoint,Connector:TestPoint,TestPoint:TestPoint_Keystone_5005-5009_Compact,~,,,,,,,,
,,TP18,TestPoint,Connector:TestPoint,TestPoint:TestPoint_Keystone_5005-5009_Compact,~,,,,,,,,
,,TP19,TestPoint,Connector:TestPoint,TestPoint:TestPoint_Keystone_5005-5009_Compact,~,,,,,,,,
,,TP20,TestPoint,Connector:TestPoint,TestPoint:TestPoint_Keystone_5005-5009_Compact,~,,,,,,,,
,,TP21,TestPoint,Connector:TestPoint,TestPoint:TestPoint_Keystone_5005-5009_Compact,~,,,,,,,,
,,TP22,TestPoint,Connector:TestPoint,TestPoint:TestPoint_Keystone_5005-5009_Compact,~,,,,,,,,
,,TP23,TestPoint,Connector:TestPoint,TestPoint:TestPoint_Keystone_5005-5009_Compact,~,,,,,,,,
,,TP24,TestPoint,Connector:TestPoint,TestPoint:TestPoint_Keystone_5005-5009_Compact,~,,,,,,,,
,,TP25,TestPoint,Connector:TestPoint,TestPoint:TestPoint_Keystone_5005-5009_Compact,~,,,,,,,,
,,TP26,TestPoint,Connector:TestPoint,TestPoint:TestPoint_Keystone_5005-5009_Compact,~,,,,,,,,
,,TP27,TestPoint,Connector:TestPoint,TestPoint:TestPoint_Keystone_5005-5009_Compact,~,,,,,,,,
,,TP28,TestPoint,Connector:TestPoint,TestPoint:TestPoint_Keystone_5005-5009_Compact,~,,,,,,,,
,,TP29,TestPoint,Connector:TestPoint,TestPoint:TestPoint_Keystone_5005-5009_Compact,~,,,,,,,,
,,TP30,TestPoint,Connector:TestPoint,TestPoint:TestPoint_Keystone_5005-5009_Compact,~,,,,,,,,
,,TP31,TestPoint,Connector:TestPoint,TestPoint:TestPoint_Keystone_5005-5009_Compact,~,,,,,,,,
,,TP32,TestPoint,Connector:TestPoint,TestPoint:TestPoint_Keystone_5005-5009_Compact,~,,,,,,,,
,,U1,L7808,Regulator_Linear:L7805,Audio_Module:MJD1221G,http://www.st.com/content/ccc/resource/technical/document/datasheet/41/4f/b3/b0/12/d4/47/88/CD00000444.pdf/files/CD00000444.pdf/jcr:content/translations/en.CD00000444.pdf,,,,,,,,
,,U2,L7908,Regulator_Linear:L7905,Audio_Module:MJD1221G,http://www.st.com/content/ccc/resource/technical/document/datasheet/c9/16/86/41/c7/2b/45/f2/CD00000450.pdf/files/CD00000450.pdf/jcr:content/translations/en.CD00000450.pdf,,,,,,,,
,,U3,L7808,Regulator_Linear:L7805,Audio_Module:MJD1221G,http://www.st.com/content/ccc/resource/technical/document/datasheet/41/4f/b3/b0/12/d4/47/88/CD00000444.pdf/files/CD00000444.pdf/jcr:content/translations/en.CD00000444.pdf,,,,,,,,
,,U4,L7908,Regulator_Linear:L7905,Audio_Module:MJD1221G,http://www.st.com/content/ccc/resource/technical/document/datasheet/c9/16/86/41/c7/2b/45/f2/CD00000450.pdf/files/CD00000450.pdf/jcr:content/translations/en.CD00000450.pdf,,,,,,,,
,,VR1,3252W-1-503LF,trimmer:3252W-1-503LF,Audio_Module:3252W1503LF,https://www.bourns.com/pdfs/3252.pdf,3252W-1-503LF,https://www.arrow.com/en/products/3252w-1-503lf/bourns,"BOURNS - 3252W-1-503LF - TRIMMER, POTENTIOMETER, 50KOHM 25TURN TH",12.7,Bourns,3252W-1-503LF,652-3252W-1-503LF,https://www.mouser.co.uk/ProductDetail/Bourns/3252W-1-503LF?qs=mR94Um7N%2F7aCbogdpEL4lQ%3D%3D
,,VR2,3252W-1-503LF,trimmer:3252W-1-503LF,Audio_Module:3252W1503LF,https://www.bourns.com/pdfs/3252.pdf,3252W-1-503LF,https://www.arrow.com/en/products/3252w-1-503lf/bourns,"BOURNS - 3252W-1-503LF - TRIMMER, POTENTIOMETER, 50KOHM 25TURN TH",12.7,Bourns,3252W-1-503LF,652-3252W-1-503LF,https://www.mouser.co.uk/ProductDetail/Bourns/3252W-1-503LF?qs=mR94Um7N%2F7aCbogdpEL4lQ%3D%3D
,,VR3,3252W-1-503LF,trimmer:3252W-1-503LF,Audio_Module:3252W1503LF,https://www.bourns.com/pdfs/3252.pdf,3252W-1-503LF,https://www.arrow.com/en/products/3252w-1-503lf/bourns,"BOURNS - 3252W-1-503LF - TRIMMER, POTENTIOMETER, 50KOHM 25TURN TH",12.7,Bourns,3252W-1-503LF,652-3252W-1-503LF,https://www.mouser.co.uk/ProductDetail/Bourns/3252W-1-503LF?qs=mR94Um7N%2F7aCbogdpEL4lQ%3D%3D
,,VR4,3252W-1-503LF,trimmer:3252W-1-503LF,Audio_Module:3252W1503LF,https://www.bourns.com/pdfs/3252.pdf,3252W-1-503LF,https://www.arrow.com/en/products/3252w-1-503lf/bourns,"BOURNS - 3252W-1-503LF - TRIMMER, POTENTIOMETER, 50KOHM 25TURN TH",12.7,Bourns,3252W-1-503LF,652-3252W-1-503LF,https://www.mouser.co.uk/ProductDetail/Bourns/3252W-1-503LF?qs=mR94Um7N%2F7aCbogdpEL4lQ%3D%3D
,,VR5,3252W-1-503LF,trimmer:3252W-1-503LF,Audio_Module:3252W1503LF,https://www.bourns.com/pdfs/3252.pdf,3252W-1-503LF,https://www.arrow.com/en/products/3252w-1-503lf/bourns,"BOURNS - 3252W-1-503LF - TRIMMER, POTENTIOMETER, 50KOHM 25TURN TH",12.7,Bourns,3252W-1-503LF,652-3252W-1-503LF,https://www.mouser.co.uk/ProductDetail/Bourns/3252W-1-503LF?qs=mR94Um7N%2F7aCbogdpEL4lQ%3D%3D
,,VR6,3252W-1-503LF,trimmer:3252W-1-503LF,Audio_Module:3252W1503LF,https://www.bourns.com/pdfs/3252.pdf,3252W-1-503LF,https://www.arrow.com/en/products/3252w-1-503lf/bourns,"BOURNS - 3252W-1-503LF - TRIMMER, POTENTIOMETER, 50KOHM 25TURN TH",12.7,Bourns,3252W-1-503LF,652-3252W-1-503LF,https://www.mouser.co.uk/ProductDetail/Bourns/3252W-1-503LF?qs=mR94Um7N%2F7aCbogdpEL4lQ%3D%3D
,,VR7,3252W-1-503LF,trimmer:3252W-1-503LF,Audio_Module:3252W1503LF,https://www.bourns.com/pdfs/3252.pdf,3252W-1-503LF,https://www.arrow.com/en/products/3252w-1-503lf/bourns,"BOURNS - 3252W-1-503LF - TRIMMER, POTENTIOMETER, 50KOHM 25TURN TH",12.7,Bourns,3252W-1-503LF,652-3252W-1-503LF,https://www.mouser.co.uk/ProductDetail/Bourns/3252W-1-503LF?qs=mR94Um7N%2F7aCbogdpEL4lQ%3D%3D
,,VR8,3252W-1-503LF,trimmer:3252W-1-503LF,Audio_Module:3252W1503LF,https://www.bourns.com/pdfs/3252.pdf,3252W-1-503LF,https://www.arrow.com/en/products/3252w-1-503lf/bourns,"BOURNS - 3252W-1-503LF - TRIMMER, POTENTIOMETER, 50KOHM 25TURN TH",12.7,Bourns,3252W-1-503LF,652-3252W-1-503LF,https://www.mouser.co.uk/ProductDetail/Bourns/3252W-1-503LF?qs=mR94Um7N%2F7aCbogdpEL4lQ%3D%3D
,,VR9,3252W-1-503LF,trimmer:3252W-1-503LF,Audio_Module:3252W1503LF,https://www.bourns.com/pdfs/3252.pdf,3252W-1-503LF,https://www.arrow.com/en/products/3252w-1-503lf/bourns,"BOURNS - 3252W-1-503LF - TRIMMER, POTENTIOMETER, 50KOHM 25TURN TH",12.7,Bourns,3252W-1-503LF,652-3252W-1-503LF,https://www.mouser.co.uk/ProductDetail/Bourns/3252W-1-503LF?qs=mR94Um7N%2F7aCbogdpEL4lQ%3D%3D
,,VR10,3252W-1-503LF,trimmer:3252W-1-503LF,Audio_Module:3252W1503LF,https://www.bourns.com/pdfs/3252.pdf,3252W-1-503LF,https://www.arrow.com/en/products/3252w-1-503lf/bourns,"BOURNS - 3252W-1-503LF - TRIMMER, POTENTIOMETER, 50KOHM 25TURN TH",12.7,Bourns,3252W-1-503LF,652-3252W-1-503LF,https://www.mouser.co.uk/ProductDetail/Bourns/3252W-1-503LF?qs=mR94Um7N%2F7aCbogdpEL4lQ%3D%3D
,,VR11,3252W-1-503LF,trimmer:3252W-1-503LF,Audio_Module:3252W1503LF,https://www.bourns.com/pdfs/3252.pdf,3252W-1-503LF,https://www.arrow.com/en/products/3252w-1-503lf/bourns,"BOURNS - 3252W-1-503LF - TRIMMER, POTENTIOMETER, 50KOHM 25TURN TH",12.7,Bourns,3252W-1-503LF,652-3252W-1-503LF,https://www.mouser.co.uk/ProductDetail/Bourns/3252W-1-503LF?qs=mR94Um7N%2F7aCbogdpEL4lQ%3D%3D
,,VR12,3252W-1-503LF,trimmer:3252W-1-503LF,Audio_Module:3252W1503LF,https://www.bourns.com/pdfs/3252.pdf,3252W-1-503LF,https://www.arrow.com/en/products/3252w-1-503lf/bourns,"BOURNS - 3252W-1-503LF - TRIMMER, POTENTIOMETER, 50KOHM 25TURN TH",12.7,Bourns,3252W-1-503LF,652-3252W-1-503LF,https://www.mouser.co.uk/ProductDetail/Bourns/3252W-1-503LF?qs=mR94Um7N%2F7aCbogdpEL4lQ%3D%3D
,,VR13,3252W-1-503LF,trimmer:3252W-1-503LF,Audio_Module:3252W1503LF,https://www.bourns.com/pdfs/3252.pdf,3252W-1-503LF,https://www.arrow.com/en/products/3252w-1-503lf/bourns,"BOURNS - 3252W-1-503LF - TRIMMER, POTENTIOMETER, 50KOHM 25TURN TH",12.7,Bourns,3252W-1-503LF,652-3252W-1-503LF,https://www.mouser.co.uk/ProductDetail/Bourns/3252W-1-503LF?qs=mR94Um7N%2F7aCbogdpEL4lQ%3D%3D
,,VR14,3252W-1-503LF,trimmer:3252W-1-503LF,Audio_Module:3252W1503LF,https://www.bourns.com/pdfs/3252.pdf,3252W-1-503LF,https://www.arrow.com/en/products/3252w-1-503lf/bourns,"BOURNS - 3252W-1-503LF - TRIMMER, POTENTIOMETER, 50KOHM 25TURN TH",12.7,Bourns,3252W-1-503LF,652-3252W-1-503LF,https://www.mouser.co.uk/ProductDetail/Bourns/3252W-1-503LF?qs=mR94Um7N%2F7aCbogdpEL4lQ%3D%3D
,,VR15,3252W-1-503LF,trimmer:3252W-1-503LF,Audio_Module:3252W1503LF,https://www.bourns.com/pdfs/3252.pdf,3252W-1-503LF,https://www.arrow.com/en/products/3252w-1-503lf/bourns,"BOURNS - 3252W-1-503LF - TRIMMER, POTENTIOMETER, 50KOHM 25TURN TH",12.7,Bourns,3252W-1-503LF,652-3252W-1-503LF,https://www.mouser.co.uk/ProductDetail/Bourns/3252W-1-503LF?qs=mR94Um7N%2F7aCbogdpEL4lQ%3D%3D
,,VR16,3252W-1-503LF,trimmer:3252W-1-503LF,Audio_Module:3252W1503LF,https://www.bourns.com/pdfs/3252.pdf,3252W-1-503LF,https://www.arrow.com/en/products/3252w-1-503lf/bourns,"BOURNS - 3252W-1-503LF - TRIMMER, POTENTIOMETER, 50KOHM 25TURN TH",12.7,Bourns,3252W-1-503LF,652-3252W-1-503LF,https://www.mouser.co.uk/ProductDetail/Bourns/3252W-1-503LF?qs=mR94Um7N%2F7aCbogdpEL4lQ%3D%3D
,,Y1,7.68MHZ,Device:Crystal,Audio_Module:9C7680MAAJT,~,,,,,,,,
,,Y2,7.68MHZ,Device:Crystal,Audio_Module:9C7680MAAJT,~,,,,,,,,
,,,,,,,,,,,,,,
,,,,,,,,,,,,,,
,,,,,,,,,,,,,,
Collated Components:,,,,,,,,,,,,,,
,,,,,,,,,,,,,,
Item,Qty,Reference(s),Value,LibPart,Footprint,Datasheet,Arrow Part Number,Arrow Price/Stock,Description,Height,Manufacturer_Name,Manufacturer_Part_Number,Mouser Part Number,Mouser Price/Stock
1,4,"C1, C60, C61, C101",10uF,Device:C_Small,Capacitor_SMD:C_0805_2012Metric_Pad1.18x1.45mm_HandSolder,~,,,,,,,,
2,2,"C2, C70",47uF,Device:C_Small,Capacitor_SMD:C_0805_2012Metric_Pad1.18x1.45mm_HandSolder,~,,,,,,,,
3,14,"C3, C6, C7, C8, C9, C10, C71, C80, C91, C100, C102, C103, C104, C105",0.1uF,Device:C_Small,Capacitor_SMD:C_0603_1608Metric_Pad1.08x0.95mm_HandSolder,~,,,,,,,,
4,4,"C4, C5, C81, C90",18pf,Device:C_Small,Capacitor_SMD:C_0603_1608Metric_Pad1.08x0.95mm_HandSolder,~,,,,,,,,
5,10,"C11, C20, C30, C31, C40, C106, C107, C108, C109, C116",100pF,Device:C_Small,Capacitor_SMD:C_0603_1608Metric_Pad1.08x0.95mm_HandSolder,~,,,,,,,,
6,42,"C12, C13, C14, C15, C18, C32, C33, C34, C35, C38, C42, C43, C44, C45, C48, C50, C52, C53, C54, C55, C58, C62, C63, C64, C65, C68, C72, C73, C74, C75, C78, C82, C83, C84, C85, C88, C92, C93, C94, C95, C98, C118",0.1uf,Device:C_Small,Capacitor_SMD:C_0603_1608Metric_Pad1.08x0.95mm_HandSolder,~,,,,,,,,
7,24,"C16, C17, C21, C22, C36, C37, C46, C47, C51, C56, C57, C66, C67, C76, C77, C86, C87, C96, C97, C119, C120, C121, C127, C128",1uf,Device:C_Small,Capacitor_SMD:C_0603_1608Metric_Pad1.08x0.95mm_HandSolder,~,,,,,,,,
8,14,"C19, C39, C41, C49, C59, C69, C79, C89, C99, C117, C123, C124, C125, C126",10uf,Device:C_Small,Capacitor_SMD:C_0805_2012Metric_Pad1.18x1.45mm_HandSolder,~,,,,,,,,
9,8,"C23, C24, C25, C26, C27, C28, C29, C122",100uF,Device:C_Polarized_Small_US,Capacitor_SMD:C_Elec_6.3x5.4,~,,,,,,,,
10,48,"C110, C111, C112, C113, C114, C115, C310, C311, C312, C313, C314, C315, C410, C411, C412, C413, C414, C415, C510, C511, C512, C513, C514, C515, C610, C611, C612, C613, C614, C615, C710, C711, C712, C713, C714, C715, C810, C811, C812, C813, C814, C815, C910, C911, C912, C913, C914, C915",0.01uf,Device:C_Small,Capacitor_SMD:C_0603_1608Metric_Pad1.08x0.95mm_HandSolder,~,,,,,,,,
11,16,"D1, D2, D3, D4, D5, D6, D7, D8, D9, D10, D11, D12, D13, D14, D15, D16",LED,Device:LED,LED_SMD:LED_0603_1608Metric_Pad1.05x0.95mm_HandSolder,~,,,,,,,,
12,8,"IC1, IC32, IC42, IC52, IC62, IC72, IC82, IC92",ADA4254ARUZ-R7,ada4254:ADA4254ARUZ-R7,Audio_Module:SOP65P640X120-24N,https://componentsearchengine.com/Datasheets/1/ADA4254ARUZ-R7.pdf,,,Instrumentation Amplifiers PGiA enabling universal modules w/SIL,1.2,Analog Devices,ADA4254ARUZ-R7,584-ADA4254ARUZ-R7,https://www.mouser.co.uk/ProductDetail/Analog-Devices/ADA4254ARUZ-R7?qs=B6kkDfuK7%2FD2EHLOR7u2BA%3D%3D
13,10,"IC2, IC3, IC11, IC31, IC41, IC51, IC61, IC71, IC81, IC91",ADP150AUJZ-3.3-R7,ADP150aUJZ:ADP150AUJZ-3.3-R7,Audio_Module:SOT95P280X100-5N,https://www.digikey.com/product-detail/en/analog-devices-inc/ADP150AUJZ-3.3-R7/ADP150AUJZ-3.3-R7CT-ND/2207505,ADP150AUJZ-3.3-R7,https://www.arrow.com/en/products/adp150aujz-3.3-r7/analog-devices?region=nac,"Ultralow Noise, 150 mA CMOS Linear Regulator",1,Analog Devices,ADP150AUJZ-3.3-R7,N/A,https://www.mouser.com/Search/Refine.aspx?Keyword=N%2FA
14,2,"IC4, IC101",ADS1256IDBT,ADS1256:ADS1256IDBT,Audio_Module:SOP65P780X200-28N,http://componentsearchengine.com/Datasheets/3/ADS1256IDBT.pdf,ADS1256IDBT,https://www.arrow.com/en/products/ads1256idbt/texas-instruments?region=nac,"24-bit, 30kSPS, 8-Ch Delta-Sigma ADC with PGA for Factory Automation and Process Control",2,Texas Instruments,ADS1256IDBT,595-ADS1256IDBT,https://www.mouser.co.uk/ProductDetail/Texas-Instruments/ADS1256IDBT?qs=RaXRGs7zCv7ohBVNWdKfTA%3D%3D
15,3,"IC5, IC6, IC8",LF80ABDT-TR,LF80ABDT:LF80ABDT-TR,Audio_Module:TO228P972X240-3N,http://www.st.com/st-web-ui/static/active/en/resource/technical/document/datasheet/CD00000546.pdf,LF80ABDT-TR,https://www.arrow.com/en/products/lf80abdt-tr/stmicroelectronics?region=nac,"LF80ABDT-TR, Low Dropout Voltage Regulator, 0.5A, 8 V +/-1%, 3-Pin DPAK",2.4,STMicroelectronics,LF80ABDT-TR,511-LF80ABDT-TR,https://www.mouser.co.uk/ProductDetail/STMicroelectronics/LF80ABDT-TR?qs=rQxjsk9FJaKqWqynhzWMLQ%3D%3D
16,1,IC7,TEENSY_4.1,teensy:TEENSY_4.1,Audio_Module:TEENSY41,https://www.pjrc.com/store/teensy41.html,,,Teensy 4.1 Development Board,,PJRC,TEENSY 4.1,,
17,2,"IC9, IC10",LM4050CIM3-2.5_NOPB,lm4050:LM4050CIM3-2.5_NOPB,Audio_Module:SOT95P237X112-3N,http://www.ti.com/lit/gpn/lm4050-n,LM4050CIM3-2.5/NOPB,https://www.arrow.com/en/products/lm4050cim3-2.5nopb/texas-instruments?region=nac,50ppm/C Precision Micropower Shunt Voltage Reference,1.12,Texas Instruments,LM4050CIM3-2.5/NOPB,926-LM4050CIM325NOPB,https://www.mouser.co.uk/ProductDetail/Texas-Instruments/LM4050CIM3-25-NOPB?qs=QbsRYf82W3GLOSrwztE2%252BA%3D%3D
18,16,"J1, J2, J3, J4, J5, J6, J7, J8, J9, J10, J11, J12, J81, J82, J91, J92",132136,SMA_90_degree:132136,Audio_Module:132136,https://componentsearchengine.com/Datasheets/5/132136.pdf,132136,https://www.arrow.com/en/products/132136/amphenol-rf?region=nac,RF Connectors / Coaxial Connectors SMA PCB RECEPTACLE RIGHT ANGLE,10.26,Amphenol,132136,523-132136,https://www.mouser.co.uk/ProductDetail/Amphenol-RF/132136?qs=Ld4zsxSTIA6C8fkM7Uvm2Q%3D%3D
19,1,J13,Screw_Terminal_01x03,Connector:Screw_Terminal_01x03,"TerminalBlock_Phoenix:TerminalBlock_Phoenix_MKDS-1,5-3-5.08_1x03_P5.08mm_Horizontal",~,,,,,,,,
20,1,J14,Conn_01x11_Male,Connector:Conn_01x11_Male,Connector_PinHeader_2.54mm:PinHeader_1x11_P2.54mm_Vertical,~,,,,,,,,
21,1,J15,Conn_01x07_Male,Connector:Conn_01x07_Male,Connector_PinHeader_2.54mm:PinHeader_1x07_P2.54mm_Vertical,~,,,,,,,,
22,2,"J16, J19",Conn_01x06_Male,Connector:Conn_01x06_Male,Connector_PinHeader_2.54mm:PinHeader_1x06_P2.54mm_Vertical,~,,,,,,,,
23,1,J17,Conn_01x04_Male,Connector:Conn_01x04_Male,Connector_PinHeader_2.54mm:PinHeader_1x04_P2.54mm_Vertical,~,,,,,,,,
24,1,J18,Conn_01x02_Male,Connector:Conn_01x02_Male,Connector_PinHeader_2.54mm:PinHeader_1x02_P2.54mm_Vertical,~,,,,,,,,
25,5,"R1, R2, R24, R25, R109",49.9,Device:R_Small_US,Resistor_SMD:R_0603_1608Metric_Pad0.98x0.95mm_HandSolder,~,,,,,,,,
26,24,"R3, R4, R5, R6, R7, R8, R9, R10, R20, R21, R22, R23, R26, R27, R28, R29, R30, R40, R50, R60, R70, R80, R90, R100",100,Device:R_Small_US,Resistor_SMD:R_0603_1608Metric_Pad0.98x0.95mm_HandSolder,~,,,,,,,,
27,49,"R11, R12, R13, R14, R31, R32, R33, R34, R41, R42, R43, R44, R51, R52, R53, R54, R61, R62, R63, R64, R71, R72, R73, R74, R81, R82, R83, R84, R91, R92, R93, R94, R101, R102, R103, R104, R105, R106, R108, R112, R113, R118, R119, R120, R121, R122, R123, R124, R125",100,Device:R_US,Resistor_SMD:R_0603_1608Metric_Pad0.98x0.95mm_HandSolder,~,,,,,,,,
28,16,"R15, R16, R35, R36, R45, R46, R55, R56, R65, R66, R75, R76, R85, R86, R95, R96",4.99k,Device:R_US,Resistor_SMD:R_0603_1608Metric_Pad0.98x0.95mm_HandSolder,~,,,,,,,,
29,8,"R17, R37, R47, R57, R67, R77, R87, R97",10,Device:R_US,Resistor_SMD:R_0603_1608Metric_Pad0.98x0.95mm_HandSolder,~,,,,,,,,
30,32,"R18, R19, R38, R39, R48, R49, R58, R59, R68, R69, R78, R79, R88, R89, R98, R99, R110, R111, R310, R311, R410, R411, R510, R511, R610, R611, R710, R711, R810, R811, R910, R911",0,Device:R_US,Resistor_SMD:R_0603_1608Metric_Pad0.98x0.95mm_HandSolder,~,,,,,,,,
31,1,R107,10k,Device:R_Small_US,Resistor_SMD:R_0603_1608Metric_Pad0.98x0.95mm_HandSolder,~,,,,,,,,
32,32,"TP1, TP2, TP3, TP4, TP5, TP6, TP7, TP8, TP9, TP10, TP11, TP12, TP13, TP14, TP15, TP16, TP17, TP18, TP19, TP20, TP21, TP22, TP23, TP24, TP25, TP26, TP27, TP28, TP29, TP30, TP31, TP32",TestPoint,Connector:TestPoint,TestPoint:TestPoint_Keystone_5005-5009_Compact,~,,,,,,,,
33,2,"U1, U3",L7808,Regulator_Linear:L7805,Audio_Module:MJD1221G,http://www.st.com/content/ccc/resource/technical/document/datasheet/41/4f/b3/b0/12/d4/47/88/CD00000444.pdf/files/CD00000444.pdf/jcr:content/translations/en.CD00000444.pdf,,,,,,,,
34,2,"U2, U4",L7908,Regulator_Linear:L7905,Audio_Module:MJD1221G,http://www.st.com/content/ccc/resource/technical/document/datasheet/c9/16/86/41/c7/2b/45/f2/CD00000450.pdf/files/CD00000450.pdf/jcr:content/translations/en.CD00000450.pdf,,,,,,,,
35,16,"VR1, VR2, VR3, VR4, VR5, VR6, VR7, VR8, VR9, VR10, VR11, VR12, VR13, VR14, VR15, VR16",3252W-1-503LF,trimmer:3252W-1-503LF,Audio_Module:3252W1503LF,https://www.bourns.com/pdfs/3252.pdf,3252W-1-503LF,https://www.arrow.com/en/products/3252w-1-503lf/bourns,"BOURNS - 3252W-1-503LF - TRIMMER, POTENTIOMETER, 50KOHM 25TURN TH",12.7,Bourns,3252W-1-503LF,652-3252W-1-503LF,https://www.mouser.co.uk/ProductDetail/Bourns/3252W-1-503LF?qs=mR94Um7N%2F7aCbogdpEL4lQ%3D%3D
36,2,"Y1, Y2",7.68MHZ,Device:Crystal,Audio_Module:9C7680MAAJT,~,,,,,,,,
